Dato,Tid,Prediksjon
2023-01-01,0,0
2023-01-01,1,1
2023-01-01,2,0
2023-01-01,3,0
2023-01-01,4,0
2023-01-01,5,2
2023-01-01,6,1
2023-01-01,7,42
2023-01-01,8,42
2023-01-01,9,22
2023-01-01,10,12
2023-01-01,11,12
2023-01-01,12,12
2023-01-01,13,12
2023-01-01,14,10
2023-01-01,15,15
2023-01-01,16,15
2023-01-01,17,10
2023-01-01,18,10
2023-01-01,19,6
2023-01-01,20,3
2023-01-01,21,3
2023-01-01,22,3
2023-01-01,23,2
2023-01-02,0,0
2023-01-02,1,1
2023-01-02,2,0
2023-01-02,3,0
2023-01-02,4,0
2023-01-02,5,2
2023-01-02,6,12
2023-01-02,7,42
2023-01-02,8,42
2023-01-02,9,22
2023-01-02,10,12
2023-01-02,11,12
2023-01-02,12,12
2023-01-02,13,12
2023-01-02,14,10
2023-01-02,15,15
2023-01-02,16,15
2023-01-02,17,10
2023-01-02,18,10
2023-01-02,19,6
2023-01-02,20,3
2023-01-02,21,3
2023-01-02,22,3
2023-01-02,23,2
2023-01-03,0,0
2023-01-03,1,1
2023-01-03,2,0
2023-01-03,3,0
2023-01-03,4,0
2023-01-03,5,2
2023-01-03,6,14
2023-01-03,7,42
2023-01-03,8,81
2023-01-03,9,22
2023-01-03,10,12
2023-01-03,11,12
2023-01-03,12,12
2023-01-03,13,12
2023-01-03,14,20
2023-01-03,15,29
2023-01-03,16,29
2023-01-03,17,17
2023-01-03,18,17
2023-01-03,19,10
2023-01-03,20,6
2023-01-03,21,6
2023-01-03,22,4
2023-01-03,23,2
2023-01-04,0,0
2023-01-04,1,0
2023-01-04,2,0
2023-01-04,3,0
2023-01-04,4,0
2023-01-04,5,2
2023-01-04,6,16
2023-01-04,7,52
2023-01-04,8,52
2023-01-04,9,22
2023-01-04,10,12
2023-01-04,11,12
2023-01-04,12,17
2023-01-04,13,17
2023-01-04,14,17
2023-01-04,15,29
2023-01-04,16,29
2023-01-04,17,17
2023-01-04,18,14
2023-01-04,19,6
2023-01-04,20,6
2023-01-04,21,6
2023-01-04,22,5
2023-01-04,23,2
2023-01-05,0,0
2023-01-05,1,1
2023-01-05,2,0
2023-01-05,3,0
2023-01-05,4,0
2023-01-05,5,2
2023-01-05,6,14
2023-01-05,7,21
2023-01-05,8,81
2023-01-05,9,22
2023-01-05,10,12
2023-01-05,11,12
2023-01-05,12,12
2023-01-05,13,12
2023-01-05,14,20
2023-01-05,15,15
2023-01-05,16,15
2023-01-05,17,10
2023-01-05,18,10
2023-01-05,19,6
2023-01-05,20,6
2023-01-05,21,6
2023-01-05,22,4
2023-01-05,23,2
2023-01-06,0,0
2023-01-06,1,0
2023-01-06,2,0
2023-01-06,3,0
2023-01-06,4,0
2023-01-06,5,2
2023-01-06,6,10
2023-01-06,7,52
2023-01-06,8,52
2023-01-06,9,26
2023-01-06,10,17
2023-01-06,11,17
2023-01-06,12,17
2023-01-06,13,17
2023-01-06,14,20
2023-01-06,15,29
2023-01-06,16,29
2023-01-06,17,17
2023-01-06,18,17
2023-01-06,19,10
2023-01-06,20,6
2023-01-06,21,6
2023-01-06,22,4
2023-01-06,23,2
2023-01-07,0,0
2023-01-07,1,1
2023-01-07,2,0
2023-01-07,3,0
2023-01-07,4,0
2023-01-07,5,2
2023-01-07,6,16
2023-01-07,7,52
2023-01-07,8,52
2023-01-07,9,26
2023-01-07,10,17
2023-01-07,11,17
2023-01-07,12,17
2023-01-07,13,17
2023-01-07,14,17
2023-01-07,15,33
2023-01-07,16,33
2023-01-07,17,23
2023-01-07,18,23
2023-01-07,19,10
2023-01-07,20,6
2023-01-07,21,6
2023-01-07,22,4
2023-01-07,23,2
2023-01-08,0,0
2023-01-08,1,0
2023-01-08,2,0
2023-01-08,3,0
2023-01-08,4,0
2023-01-08,5,4
2023-01-08,6,10
2023-01-08,7,52
2023-01-08,8,52
2023-01-08,9,26
2023-01-08,10,17
2023-01-08,11,17
2023-01-08,12,17
2023-01-08,13,17
2023-01-08,14,17
2023-01-08,15,29
2023-01-08,16,29
2023-01-08,17,17
2023-01-08,18,17
2023-01-08,19,10
2023-01-08,20,6
2023-01-08,21,6
2023-01-08,22,4
2023-01-08,23,2
2023-01-09,0,0
2023-01-09,1,0
2023-01-09,2,0
2023-01-09,3,0
2023-01-09,4,0
2023-01-09,5,4
2023-01-09,6,18
2023-01-09,7,81
2023-01-09,8,81
2023-01-09,9,22
2023-01-09,10,17
2023-01-09,11,17
2023-01-09,12,17
2023-01-09,13,17
2023-01-09,14,17
2023-01-09,15,29
2023-01-09,16,29
2023-01-09,17,17
2023-01-09,18,17
2023-01-09,19,10
2023-01-09,20,6
2023-01-09,21,6
2023-01-09,22,4
2023-01-09,23,2
2023-01-10,0,0
2023-01-10,1,0
2023-01-10,2,0
2023-01-10,3,0
2023-01-10,4,0
2023-01-10,5,2
2023-01-10,6,10
2023-01-10,7,52
2023-01-10,8,81
2023-01-10,9,26
2023-01-10,10,17
2023-01-10,11,17
2023-01-10,12,17
2023-01-10,13,17
2023-01-10,14,17
2023-01-10,15,29
2023-01-10,16,29
2023-01-10,17,17
2023-01-10,18,17
2023-01-10,19,10
2023-01-10,20,6
2023-01-10,21,6
2023-01-10,22,4
2023-01-10,23,4
2023-01-11,0,0
2023-01-11,1,0
2023-01-11,2,0
2023-01-11,3,0
2023-01-11,4,0
2023-01-11,5,4
2023-01-11,6,10
2023-01-11,7,52
2023-01-11,8,52
2023-01-11,9,26
2023-01-11,10,17
2023-01-11,11,17
2023-01-11,12,17
2023-01-11,13,17
2023-01-11,14,17
2023-01-11,15,29
2023-01-11,16,29
2023-01-11,17,17
2023-01-11,18,17
2023-01-11,19,10
2023-01-11,20,6
2023-01-11,21,6
2023-01-11,22,4
2023-01-11,23,2
2023-01-12,0,0
2023-01-12,1,1
2023-01-12,2,0
2023-01-12,3,0
2023-01-12,4,0
2023-01-12,5,2
2023-01-12,6,16
2023-01-12,7,81
2023-01-12,8,81
2023-01-12,9,26
2023-01-12,10,17
2023-01-12,11,17
2023-01-12,12,17
2023-01-12,13,17
2023-01-12,14,17
2023-01-12,15,29
2023-01-12,16,29
2023-01-12,17,17
2023-01-12,18,17
2023-01-12,19,10
2023-01-12,20,6
2023-01-12,21,6
2023-01-12,22,4
2023-01-12,23,2
2023-01-13,0,0
2023-01-13,1,1
2023-01-13,2,0
2023-01-13,3,0
2023-01-13,4,0
2023-01-13,5,2
2023-01-13,6,16
2023-01-13,7,81
2023-01-13,8,81
2023-01-13,9,22
2023-01-13,10,12
2023-01-13,11,17
2023-01-13,12,17
2023-01-13,13,17
2023-01-13,14,17
2023-01-13,15,29
2023-01-13,16,29
2023-01-13,17,10
2023-01-13,18,10
2023-01-13,19,6
2023-01-13,20,6
2023-01-13,21,6
2023-01-13,22,3
2023-01-13,23,2
2023-01-14,0,0
2023-01-14,1,1
2023-01-14,2,0
2023-01-14,3,0
2023-01-14,4,0
2023-01-14,5,2
2023-01-14,6,7
2023-01-14,7,21
2023-01-14,8,81
2023-01-14,9,22
2023-01-14,10,12
2023-01-14,11,12
2023-01-14,12,12
2023-01-14,13,12
2023-01-14,14,20
2023-01-14,15,15
2023-01-14,16,15
2023-01-14,17,17
2023-01-14,18,17
2023-01-14,19,10
2023-01-14,20,6
2023-01-14,21,6
2023-01-14,22,9
2023-01-14,23,4
2023-01-15,0,0
2023-01-15,1,0
2023-01-15,2,0
2023-01-15,3,0
2023-01-15,4,0
2023-01-15,5,2
2023-01-15,6,27
2023-01-15,7,81
2023-01-15,8,81
2023-01-15,9,22
2023-01-15,10,12
2023-01-15,11,12
2023-01-15,12,12
2023-01-15,13,12
2023-01-15,14,20
2023-01-15,15,15
2023-01-15,16,15
2023-01-15,17,10
2023-01-15,18,10
2023-01-15,19,6
2023-01-15,20,6
2023-01-15,21,6
2023-01-15,22,5
2023-01-15,23,4
2023-01-16,0,0
2023-01-16,1,1
2023-01-16,2,0
2023-01-16,3,0
2023-01-16,4,0
2023-01-16,5,2
2023-01-16,6,14
2023-01-16,7,21
2023-01-16,8,21
2023-01-16,9,22
2023-01-16,10,12
2023-01-16,11,12
2023-01-16,12,12
2023-01-16,13,12
2023-01-16,14,10
2023-01-16,15,15
2023-01-16,16,15
2023-01-16,17,10
2023-01-16,18,10
2023-01-16,19,6
2023-01-16,20,6
2023-01-16,21,6
2023-01-16,22,3
2023-01-16,23,4
2023-01-17,0,0
2023-01-17,1,1
2023-01-17,2,0
2023-01-17,3,0
2023-01-17,4,0
2023-01-17,5,2
2023-01-17,6,27
2023-01-17,7,42
2023-01-17,8,42
2023-01-17,9,22
2023-01-17,10,12
2023-01-17,11,12
2023-01-17,12,12
2023-01-17,13,12
2023-01-17,14,20
2023-01-17,15,15
2023-01-17,16,15
2023-01-17,17,10
2023-01-17,18,10
2023-01-17,19,6
2023-01-17,20,6
2023-01-17,21,6
2023-01-17,22,4
2023-01-17,23,4
2023-01-18,0,0
2023-01-18,1,1
2023-01-18,2,0
2023-01-18,3,0
2023-01-18,4,0
2023-01-18,5,2
2023-01-18,6,7
2023-01-18,7,42
2023-01-18,8,42
2023-01-18,9,22
2023-01-18,10,12
2023-01-18,11,12
2023-01-18,12,12
2023-01-18,13,12
2023-01-18,14,20
2023-01-18,15,15
2023-01-18,16,15
2023-01-18,17,10
2023-01-18,18,10
2023-01-18,19,6
2023-01-18,20,6
2023-01-18,21,6
2023-01-18,22,3
2023-01-18,23,2
2023-01-19,0,0
2023-01-19,1,1
2023-01-19,2,0
2023-01-19,3,0
2023-01-19,4,0
2023-01-19,5,2
2023-01-19,6,7
2023-01-19,7,42
2023-01-19,8,42
2023-01-19,9,22
2023-01-19,10,12
2023-01-19,11,12
2023-01-19,12,12
2023-01-19,13,12
2023-01-19,14,10
2023-01-19,15,15
2023-01-19,16,15
2023-01-19,17,10
2023-01-19,18,10
2023-01-19,19,6
2023-01-19,20,3
2023-01-19,21,3
2023-01-19,22,3
2023-01-19,23,2
2023-01-20,0,0
2023-01-20,1,1
2023-01-20,2,0
2023-01-20,3,0
2023-01-20,4,0
2023-01-20,5,2
2023-01-20,6,3
2023-01-20,7,42
2023-01-20,8,42
2023-01-20,9,22
2023-01-20,10,12
2023-01-20,11,12
2023-01-20,12,12
2023-01-20,13,12
2023-01-20,14,10
2023-01-20,15,15
2023-01-20,16,15
2023-01-20,17,10
2023-01-20,18,10
2023-01-20,19,6
2023-01-20,20,3
2023-01-20,21,3
2023-01-20,22,3
2023-01-20,23,2
2023-01-21,0,0
2023-01-21,1,1
2023-01-21,2,0
2023-01-21,3,0
2023-01-21,4,0
2023-01-21,5,2
2023-01-21,6,3
2023-01-21,7,21
2023-01-21,8,21
2023-01-21,9,22
2023-01-21,10,12
2023-01-21,11,12
2023-01-21,12,12
2023-01-21,13,12
2023-01-21,14,20
2023-01-21,15,15
2023-01-21,16,15
2023-01-21,17,10
2023-01-21,18,10
2023-01-21,19,10
2023-01-21,20,6
2023-01-21,21,6
2023-01-21,22,4
2023-01-21,23,2
2023-01-22,0,0
2023-01-22,1,0
2023-01-22,2,0
2023-01-22,3,0
2023-01-22,4,0
2023-01-22,5,2
2023-01-22,6,6
2023-01-22,7,52
2023-01-22,8,52
2023-01-22,9,22
2023-01-22,10,12
2023-01-22,11,12
2023-01-22,12,12
2023-01-22,13,12
2023-01-22,14,20
2023-01-22,15,15
2023-01-22,16,15
2023-01-22,17,10
2023-01-22,18,10
2023-01-22,19,10
2023-01-22,20,6
2023-01-22,21,6
2023-01-22,22,3
2023-01-22,23,2
2023-01-23,0,0
2023-01-23,1,0
2023-01-23,2,0
2023-01-23,3,0
2023-01-23,4,0
2023-01-23,5,2
2023-01-23,6,6
2023-01-23,7,52
2023-01-23,8,21
2023-01-23,9,22
2023-01-23,10,12
2023-01-23,11,12
2023-01-23,12,12
2023-01-23,13,12
2023-01-23,14,20
2023-01-23,15,15
2023-01-23,16,29
2023-01-23,17,14
2023-01-23,18,14
2023-01-23,19,10
2023-01-23,20,6
2023-01-23,21,6
2023-01-23,22,4
2023-01-23,23,2
2023-01-24,0,0
2023-01-24,1,0
2023-01-24,2,0
2023-01-24,3,0
2023-01-24,4,0
2023-01-24,5,2
2023-01-24,6,10
2023-01-24,7,52
2023-01-24,8,52
2023-01-24,9,26
2023-01-24,10,17
2023-01-24,11,17
2023-01-24,12,17
2023-01-24,13,17
2023-01-24,14,17
2023-01-24,15,29
2023-01-24,16,29
2023-01-24,17,22
2023-01-24,18,22
2023-01-24,19,10
2023-01-24,20,6
2023-01-24,21,6
2023-01-24,22,4
2023-01-24,23,2
2023-01-25,0,0
2023-01-25,1,0
2023-01-25,2,0
2023-01-25,3,0
2023-01-25,4,0
2023-01-25,5,2
2023-01-25,6,10
2023-01-25,7,81
2023-01-25,8,81
2023-01-25,9,26
2023-01-25,10,17
2023-01-25,11,17
2023-01-25,12,17
2023-01-25,13,17
2023-01-25,14,17
2023-01-25,15,29
2023-01-25,16,29
2023-01-25,17,22
2023-01-25,18,22
2023-01-25,19,10
2023-01-25,20,6
2023-01-25,21,6
2023-01-25,22,4
2023-01-25,23,2
2023-01-26,0,0
2023-01-26,1,0
2023-01-26,2,0
2023-01-26,3,0
2023-01-26,4,0
2023-01-26,5,2
2023-01-26,6,16
2023-01-26,7,81
2023-01-26,8,81
2023-01-26,9,22
2023-01-26,10,12
2023-01-26,11,12
2023-01-26,12,12
2023-01-26,13,12
2023-01-26,14,20
2023-01-26,15,29
2023-01-26,16,29
2023-01-26,17,14
2023-01-26,18,10
2023-01-26,19,6
2023-01-26,20,6
2023-01-26,21,3
2023-01-26,22,3
2023-01-26,23,2
2023-01-27,0,0
2023-01-27,1,1
2023-01-27,2,0
2023-01-27,3,0
2023-01-27,4,0
2023-01-27,5,2
2023-01-27,6,14
2023-01-27,7,21
2023-01-27,8,21
2023-01-27,9,22
2023-01-27,10,12
2023-01-27,11,12
2023-01-27,12,12
2023-01-27,13,12
2023-01-27,14,20
2023-01-27,15,15
2023-01-27,16,15
2023-01-27,17,10
2023-01-27,18,10
2023-01-27,19,10
2023-01-27,20,6
2023-01-27,21,6
2023-01-27,22,4
2023-01-27,23,2
2023-01-28,0,0
2023-01-28,1,1
2023-01-28,2,0
2023-01-28,3,0
2023-01-28,4,0
2023-01-28,5,2
2023-01-28,6,16
2023-01-28,7,81
2023-01-28,8,81
2023-01-28,9,22
2023-01-28,10,17
2023-01-28,11,17
2023-01-28,12,17
2023-01-28,13,17
2023-01-28,14,17
2023-01-28,15,29
2023-01-28,16,29
2023-01-28,17,22
2023-01-28,18,22
2023-01-28,19,10
2023-01-28,20,6
2023-01-28,21,6
2023-01-28,22,4
2023-01-28,23,2
2023-01-29,0,0
2023-01-29,1,1
2023-01-29,2,0
2023-01-29,3,0
2023-01-29,4,0
2023-01-29,5,2
2023-01-29,6,10
2023-01-29,7,52
2023-01-29,8,52
2023-01-29,9,26
2023-01-29,10,17
2023-01-29,11,17
2023-01-29,12,17
2023-01-29,13,17
2023-01-29,14,17
2023-01-29,15,29
2023-01-29,16,29
2023-01-29,17,17
2023-01-29,18,17
2023-01-29,19,10
2023-01-29,20,6
2023-01-29,21,6
2023-01-29,22,4
2023-01-29,23,2
2023-01-30,0,0
2023-01-30,1,0
2023-01-30,2,0
2023-01-30,3,0
2023-01-30,4,0
2023-01-30,5,2
2023-01-30,6,10
2023-01-30,7,52
2023-01-30,8,52
2023-01-30,9,22
2023-01-30,10,12
2023-01-30,11,12
2023-01-30,12,12
2023-01-30,13,12
2023-01-30,14,20
2023-01-30,15,15
2023-01-30,16,29
2023-01-30,17,10
2023-01-30,18,10
2023-01-30,19,6
2023-01-30,20,6
2023-01-30,21,6
2023-01-30,22,3
2023-01-30,23,2
2023-01-31,0,0
2023-01-31,1,1
2023-01-31,2,0
2023-01-31,3,0
2023-01-31,4,0
2023-01-31,5,2
2023-01-31,6,6
2023-01-31,7,21
2023-01-31,8,21
2023-01-31,9,22
2023-01-31,10,12
2023-01-31,11,12
2023-01-31,12,12
2023-01-31,13,12
2023-01-31,14,20
2023-01-31,15,29
2023-01-31,16,29
2023-01-31,17,17
2023-01-31,18,17
2023-01-31,19,10
2023-01-31,20,6
2023-01-31,21,6
2023-01-31,22,4
2023-01-31,23,2
2023-02-01,0,0
2023-02-01,1,1
2023-02-01,2,0
2023-02-01,3,0
2023-02-01,4,0
2023-02-01,5,2
2023-02-01,6,16
2023-02-01,7,81
2023-02-01,8,81
2023-02-01,9,26
2023-02-01,10,17
2023-02-01,11,17
2023-02-01,12,17
2023-02-01,13,17
2023-02-01,14,17
2023-02-01,15,29
2023-02-01,16,29
2023-02-01,17,14
2023-02-01,18,14
2023-02-01,19,10
2023-02-01,20,6
2023-02-01,21,6
2023-02-01,22,3
2023-02-01,23,2
2023-02-02,0,0
2023-02-02,1,1
2023-02-02,2,0
2023-02-02,3,0
2023-02-02,4,0
2023-02-02,5,2
2023-02-02,6,4
2023-02-02,7,42
2023-02-02,8,42
2023-02-02,9,22
2023-02-02,10,12
2023-02-02,11,12
2023-02-02,12,12
2023-02-02,13,12
2023-02-02,14,20
2023-02-02,15,29
2023-02-02,16,29
2023-02-02,17,14
2023-02-02,18,14
2023-02-02,19,6
2023-02-02,20,6
2023-02-02,21,6
2023-02-02,22,3
2023-02-02,23,2
2023-02-03,0,0
2023-02-03,1,0
2023-02-03,2,0
2023-02-03,3,0
2023-02-03,4,0
2023-02-03,5,2
2023-02-03,6,16
2023-02-03,7,81
2023-02-03,8,81
2023-02-03,9,22
2023-02-03,10,12
2023-02-03,11,12
2023-02-03,12,12
2023-02-03,13,12
2023-02-03,14,20
2023-02-03,15,29
2023-02-03,16,15
2023-02-03,17,10
2023-02-03,18,10
2023-02-03,19,6
2023-02-03,20,3
2023-02-03,21,3
2023-02-03,22,3
2023-02-03,23,2
2023-02-04,0,0
2023-02-04,1,1
2023-02-04,2,0
2023-02-04,3,0
2023-02-04,4,0
2023-02-04,5,2
2023-02-04,6,6
2023-02-04,7,81
2023-02-04,8,21
2023-02-04,9,22
2023-02-04,10,12
2023-02-04,11,12
2023-02-04,12,12
2023-02-04,13,12
2023-02-04,14,20
2023-02-04,15,29
2023-02-04,16,29
2023-02-04,17,10
2023-02-04,18,10
2023-02-04,19,10
2023-02-04,20,6
2023-02-04,21,6
2023-02-04,22,4
2023-02-04,23,2
2023-02-05,0,0
2023-02-05,1,1
2023-02-05,2,0
2023-02-05,3,0
2023-02-05,4,0
2023-02-05,5,2
2023-02-05,6,14
2023-02-05,7,81
2023-02-05,8,81
2023-02-05,9,22
2023-02-05,10,12
2023-02-05,11,12
2023-02-05,12,17
2023-02-05,13,17
2023-02-05,14,17
2023-02-05,15,29
2023-02-05,16,29
2023-02-05,17,22
2023-02-05,18,22
2023-02-05,19,10
2023-02-05,20,6
2023-02-05,21,6
2023-02-05,22,4
2023-02-05,23,2
2023-02-06,0,0
2023-02-06,1,1
2023-02-06,2,0
2023-02-06,3,0
2023-02-06,4,0
2023-02-06,5,2
2023-02-06,6,16
2023-02-06,7,81
2023-02-06,8,81
2023-02-06,9,26
2023-02-06,10,17
2023-02-06,11,17
2023-02-06,12,17
2023-02-06,13,17
2023-02-06,14,17
2023-02-06,15,29
2023-02-06,16,29
2023-02-06,17,22
2023-02-06,18,22
2023-02-06,19,10
2023-02-06,20,6
2023-02-06,21,6
2023-02-06,22,4
2023-02-06,23,2
2023-02-07,0,0
2023-02-07,1,0
2023-02-07,2,0
2023-02-07,3,0
2023-02-07,4,0
2023-02-07,5,2
2023-02-07,6,10
2023-02-07,7,52
2023-02-07,8,81
2023-02-07,9,26
2023-02-07,10,17
2023-02-07,11,17
2023-02-07,12,17
2023-02-07,13,17
2023-02-07,14,17
2023-02-07,15,29
2023-02-07,16,29
2023-02-07,17,22
2023-02-07,18,22
2023-02-07,19,10
2023-02-07,20,6
2023-02-07,21,6
2023-02-07,22,4
2023-02-07,23,2
2023-02-08,0,0
2023-02-08,1,1
2023-02-08,2,0
2023-02-08,3,0
2023-02-08,4,0
2023-02-08,5,2
2023-02-08,6,10
2023-02-08,7,52
2023-02-08,8,52
2023-02-08,9,26
2023-02-08,10,17
2023-02-08,11,17
2023-02-08,12,17
2023-02-08,13,17
2023-02-08,14,17
2023-02-08,15,29
2023-02-08,16,29
2023-02-08,17,17
2023-02-08,18,17
2023-02-08,19,10
2023-02-08,20,6
2023-02-08,21,6
2023-02-08,22,4
2023-02-08,23,2
2023-02-09,0,0
2023-02-09,1,1
2023-02-09,2,0
2023-02-09,3,0
2023-02-09,4,0
2023-02-09,5,2
2023-02-09,6,16
2023-02-09,7,81
2023-02-09,8,81
2023-02-09,9,22
2023-02-09,10,12
2023-02-09,11,17
2023-02-09,12,12
2023-02-09,13,12
2023-02-09,14,20
2023-02-09,15,15
2023-02-09,16,15
2023-02-09,17,10
2023-02-09,18,10
2023-02-09,19,10
2023-02-09,20,6
2023-02-09,21,6
2023-02-09,22,4
2023-02-09,23,2
2023-02-10,0,0
2023-02-10,1,0
2023-02-10,2,0
2023-02-10,3,0
2023-02-10,4,0
2023-02-10,5,2
2023-02-10,6,6
2023-02-10,7,21
2023-02-10,8,21
2023-02-10,9,22
2023-02-10,10,12
2023-02-10,11,12
2023-02-10,12,12
2023-02-10,13,12
2023-02-10,14,17
2023-02-10,15,29
2023-02-10,16,49
2023-02-10,17,23
2023-02-10,18,34
2023-02-10,19,10
2023-02-10,20,6
2023-02-10,21,6
2023-02-10,22,4
2023-02-10,23,2
2023-02-11,0,0
2023-02-11,1,0
2023-02-11,2,0
2023-02-11,3,0
2023-02-11,4,0
2023-02-11,5,2
2023-02-11,6,16
2023-02-11,7,81
2023-02-11,8,81
2023-02-11,9,26
2023-02-11,10,17
2023-02-11,11,17
2023-02-11,12,17
2023-02-11,13,17
2023-02-11,14,17
2023-02-11,15,29
2023-02-11,16,29
2023-02-11,17,22
2023-02-11,18,22
2023-02-11,19,10
2023-02-11,20,6
2023-02-11,21,6
2023-02-11,22,4
2023-02-11,23,2
2023-02-12,0,0
2023-02-12,1,1
2023-02-12,2,0
2023-02-12,3,0
2023-02-12,4,0
2023-02-12,5,2
2023-02-12,6,16
2023-02-12,7,81
2023-02-12,8,81
2023-02-12,9,26
2023-02-12,10,17
2023-02-12,11,17
2023-02-12,12,17
2023-02-12,13,17
2023-02-12,14,17
2023-02-12,15,29
2023-02-12,16,29
2023-02-12,17,22
2023-02-12,18,22
2023-02-12,19,10
2023-02-12,20,6
2023-02-12,21,6
2023-02-12,22,9
2023-02-12,23,2
2023-02-13,0,0
2023-02-13,1,1
2023-02-13,2,0
2023-02-13,3,0
2023-02-13,4,0
2023-02-13,5,2
2023-02-13,6,16
2023-02-13,7,81
2023-02-13,8,81
2023-02-13,9,26
2023-02-13,10,17
2023-02-13,11,17
2023-02-13,12,17
2023-02-13,13,17
2023-02-13,14,17
2023-02-13,15,29
2023-02-13,16,29
2023-02-13,17,22
2023-02-13,18,22
2023-02-13,19,10
2023-02-13,20,6
2023-02-13,21,6
2023-02-13,22,4
2023-02-13,23,2
2023-02-14,0,0
2023-02-14,1,1
2023-02-14,2,0
2023-02-14,3,0
2023-02-14,4,0
2023-02-14,5,2
2023-02-14,6,16
2023-02-14,7,81
2023-02-14,8,81
2023-02-14,9,26
2023-02-14,10,17
2023-02-14,11,17
2023-02-14,12,17
2023-02-14,13,17
2023-02-14,14,17
2023-02-14,15,29
2023-02-14,16,29
2023-02-14,17,22
2023-02-14,18,22
2023-02-14,19,10
2023-02-14,20,6
2023-02-14,21,6
2023-02-14,22,4
2023-02-14,23,2
2023-02-15,0,0
2023-02-15,1,0
2023-02-15,2,0
2023-02-15,3,0
2023-02-15,4,0
2023-02-15,5,2
2023-02-15,6,10
2023-02-15,7,52
2023-02-15,8,52
2023-02-15,9,26
2023-02-15,10,17
2023-02-15,11,17
2023-02-15,12,32
2023-02-15,13,32
2023-02-15,14,41
2023-02-15,15,49
2023-02-15,16,49
2023-02-15,17,23
2023-02-15,18,23
2023-02-15,19,10
2023-02-15,20,6
2023-02-15,21,6
2023-02-15,22,4
2023-02-15,23,2
2023-02-16,0,0
2023-02-16,1,0
2023-02-16,2,0
2023-02-16,3,0
2023-02-16,4,0
2023-02-16,5,2
2023-02-16,6,16
2023-02-16,7,81
2023-02-16,8,81
2023-02-16,9,26
2023-02-16,10,17
2023-02-16,11,17
2023-02-16,12,17
2023-02-16,13,17
2023-02-16,14,17
2023-02-16,15,29
2023-02-16,16,29
2023-02-16,17,17
2023-02-16,18,17
2023-02-16,19,10
2023-02-16,20,6
2023-02-16,21,6
2023-02-16,22,4
2023-02-16,23,2
2023-02-17,0,0
2023-02-17,1,1
2023-02-17,2,0
2023-02-17,3,0
2023-02-17,4,0
2023-02-17,5,2
2023-02-17,6,10
2023-02-17,7,52
2023-02-17,8,52
2023-02-17,9,26
2023-02-17,10,17
2023-02-17,11,17
2023-02-17,12,17
2023-02-17,13,17
2023-02-17,14,17
2023-02-17,15,29
2023-02-17,16,29
2023-02-17,17,17
2023-02-17,18,17
2023-02-17,19,10
2023-02-17,20,6
2023-02-17,21,6
2023-02-17,22,4
2023-02-17,23,2
2023-02-18,0,0
2023-02-18,1,1
2023-02-18,2,0
2023-02-18,3,0
2023-02-18,4,0
2023-02-18,5,2
2023-02-18,6,6
2023-02-18,7,21
2023-02-18,8,42
2023-02-18,9,22
2023-02-18,10,12
2023-02-18,11,12
2023-02-18,12,12
2023-02-18,13,12
2023-02-18,14,20
2023-02-18,15,15
2023-02-18,16,15
2023-02-18,17,10
2023-02-18,18,10
2023-02-18,19,6
2023-02-18,20,3
2023-02-18,21,3
2023-02-18,22,3
2023-02-18,23,2
2023-02-19,0,0
2023-02-19,1,1
2023-02-19,2,0
2023-02-19,3,0
2023-02-19,4,0
2023-02-19,5,2
2023-02-19,6,3
2023-02-19,7,21
2023-02-19,8,81
2023-02-19,9,22
2023-02-19,10,12
2023-02-19,11,12
2023-02-19,12,12
2023-02-19,13,12
2023-02-19,14,20
2023-02-19,15,29
2023-02-19,16,29
2023-02-19,17,17
2023-02-19,18,17
2023-02-19,19,10
2023-02-19,20,6
2023-02-19,21,6
2023-02-19,22,4
2023-02-19,23,2
2023-02-20,0,0
2023-02-20,1,0
2023-02-20,2,0
2023-02-20,3,0
2023-02-20,4,0
2023-02-20,5,2
2023-02-20,6,10
2023-02-20,7,52
2023-02-20,8,52
2023-02-20,9,26
2023-02-20,10,17
2023-02-20,11,17
2023-02-20,12,17
2023-02-20,13,17
2023-02-20,14,17
2023-02-20,15,29
2023-02-20,16,29
2023-02-20,17,17
2023-02-20,18,17
2023-02-20,19,10
2023-02-20,20,6
2023-02-20,21,6
2023-02-20,22,4
2023-02-20,23,2
2023-02-21,0,0
2023-02-21,1,0
2023-02-21,2,0
2023-02-21,3,0
2023-02-21,4,0
2023-02-21,5,2
2023-02-21,6,16
2023-02-21,7,81
2023-02-21,8,81
2023-02-21,9,26
2023-02-21,10,17
2023-02-21,11,17
2023-02-21,12,17
2023-02-21,13,17
2023-02-21,14,17
2023-02-21,15,29
2023-02-21,16,29
2023-02-21,17,17
2023-02-21,18,17
2023-02-21,19,10
2023-02-21,20,6
2023-02-21,21,6
2023-02-21,22,4
2023-02-21,23,2
2023-02-22,0,0
2023-02-22,1,0
2023-02-22,2,0
2023-02-22,3,0
2023-02-22,4,0
2023-02-22,5,2
2023-02-22,6,10
2023-02-22,7,52
2023-02-22,8,52
2023-02-22,9,26
2023-02-22,10,17
2023-02-22,11,17
2023-02-22,12,17
2023-02-22,13,17
2023-02-22,14,17
2023-02-22,15,29
2023-02-22,16,29
2023-02-22,17,17
2023-02-22,18,17
2023-02-22,19,10
2023-02-22,20,6
2023-02-22,21,6
2023-02-22,22,4
2023-02-22,23,2
2023-02-23,0,0
2023-02-23,1,0
2023-02-23,2,0
2023-02-23,3,0
2023-02-23,4,0
2023-02-23,5,2
2023-02-23,6,6
2023-02-23,7,81
2023-02-23,8,81
2023-02-23,9,22
2023-02-23,10,12
2023-02-23,11,12
2023-02-23,12,12
2023-02-23,13,12
2023-02-23,14,20
2023-02-23,15,15
2023-02-23,16,15
2023-02-23,17,10
2023-02-23,18,10
2023-02-23,19,6
2023-02-23,20,6
2023-02-23,21,6
2023-02-23,22,3
2023-02-23,23,2
2023-02-24,0,0
2023-02-24,1,1
2023-02-24,2,0
2023-02-24,3,0
2023-02-24,4,0
2023-02-24,5,2
2023-02-24,6,6
2023-02-24,7,52
2023-02-24,8,52
2023-02-24,9,22
2023-02-24,10,12
2023-02-24,11,12
2023-02-24,12,12
2023-02-24,13,12
2023-02-24,14,20
2023-02-24,15,29
2023-02-24,16,29
2023-02-24,17,14
2023-02-24,18,14
2023-02-24,19,10
2023-02-24,20,6
2023-02-24,21,6
2023-02-24,22,5
2023-02-24,23,2
2023-02-25,0,0
2023-02-25,1,1
2023-02-25,2,0
2023-02-25,3,0
2023-02-25,4,0
2023-02-25,5,2
2023-02-25,6,14
2023-02-25,7,21
2023-02-25,8,81
2023-02-25,9,22
2023-02-25,10,12
2023-02-25,11,12
2023-02-25,12,12
2023-02-25,13,12
2023-02-25,14,20
2023-02-25,15,29
2023-02-25,16,29
2023-02-25,17,14
2023-02-25,18,14
2023-02-25,19,10
2023-02-25,20,6
2023-02-25,21,6
2023-02-25,22,3
2023-02-25,23,2
2023-02-26,0,0
2023-02-26,1,1
2023-02-26,2,0
2023-02-26,3,0
2023-02-26,4,0
2023-02-26,5,2
2023-02-26,6,14
2023-02-26,7,21
2023-02-26,8,21
2023-02-26,9,22
2023-02-26,10,12
2023-02-26,11,12
2023-02-26,12,12
2023-02-26,13,12
2023-02-26,14,17
2023-02-26,15,29
2023-02-26,16,29
2023-02-26,17,22
2023-02-26,18,22
2023-02-26,19,10
2023-02-26,20,6
2023-02-26,21,6
2023-02-26,22,5
2023-02-26,23,2
2023-02-27,0,0
2023-02-27,1,1
2023-02-27,2,0
2023-02-27,3,0
2023-02-27,4,0
2023-02-27,5,2
2023-02-27,6,14
2023-02-27,7,21
2023-02-27,8,21
2023-02-27,9,22
2023-02-27,10,12
2023-02-27,11,12
2023-02-27,12,17
2023-02-27,13,17
2023-02-27,14,17
2023-02-27,15,29
2023-02-27,16,29
2023-02-27,17,22
2023-02-27,18,22
2023-02-27,19,10
2023-02-27,20,6
2023-02-27,21,6
2023-02-27,22,5
2023-02-27,23,2
2023-02-28,0,0
2023-02-28,1,1
2023-02-28,2,0
2023-02-28,3,0
2023-02-28,4,0
2023-02-28,5,2
2023-02-28,6,6
2023-02-28,7,81
2023-02-28,8,81
2023-02-28,9,22
2023-02-28,10,17
2023-02-28,11,17
2023-02-28,12,17
2023-02-28,13,17
2023-02-28,14,17
2023-02-28,15,29
2023-02-28,16,29
2023-02-28,17,22
2023-02-28,18,22
2023-02-28,19,10
2023-02-28,20,6
2023-02-28,21,6
2023-02-28,22,4
2023-02-28,23,2
2023-03-01,0,0
2023-03-01,1,1
2023-03-01,2,0
2023-03-01,3,0
2023-03-01,4,0
2023-03-01,5,2
2023-03-01,6,16
2023-03-01,7,81
2023-03-01,8,81
2023-03-01,9,26
2023-03-01,10,17
2023-03-01,11,17
2023-03-01,12,17
2023-03-01,13,17
2023-03-01,14,17
2023-03-01,15,29
2023-03-01,16,29
2023-03-01,17,22
2023-03-01,18,22
2023-03-01,19,10
2023-03-01,20,6
2023-03-01,21,6
2023-03-01,22,4
2023-03-01,23,4
2023-03-02,0,0
2023-03-02,1,1
2023-03-02,2,0
2023-03-02,3,0
2023-03-02,4,0
2023-03-02,5,2
2023-03-02,6,12
2023-03-02,7,42
2023-03-02,8,81
2023-03-02,9,26
2023-03-02,10,17
2023-03-02,11,12
2023-03-02,12,17
2023-03-02,13,17
2023-03-02,14,17
2023-03-02,15,29
2023-03-02,16,29
2023-03-02,17,22
2023-03-02,18,22
2023-03-02,19,10
2023-03-02,20,6
2023-03-02,21,6
2023-03-02,22,4
2023-03-02,23,4
2023-03-03,0,0
2023-03-03,1,1
2023-03-03,2,0
2023-03-03,3,0
2023-03-03,4,0
2023-03-03,5,2
2023-03-03,6,14
2023-03-03,7,42
2023-03-03,8,81
2023-03-03,9,22
2023-03-03,10,12
2023-03-03,11,12
2023-03-03,12,12
2023-03-03,13,17
2023-03-03,14,17
2023-03-03,15,29
2023-03-03,16,29
2023-03-03,17,22
2023-03-03,18,22
2023-03-03,19,10
2023-03-03,20,6
2023-03-03,21,6
2023-03-03,22,4
2023-03-03,23,4
2023-03-04,0,0
2023-03-04,1,0
2023-03-04,2,0
2023-03-04,3,0
2023-03-04,4,0
2023-03-04,5,2
2023-03-04,6,4
2023-03-04,7,21
2023-03-04,8,21
2023-03-04,9,22
2023-03-04,10,12
2023-03-04,11,12
2023-03-04,12,12
2023-03-04,13,12
2023-03-04,14,10
2023-03-04,15,15
2023-03-04,16,15
2023-03-04,17,10
2023-03-04,18,10
2023-03-04,19,6
2023-03-04,20,3
2023-03-04,21,3
2023-03-04,22,5
2023-03-04,23,4
2023-03-05,0,0
2023-03-05,1,1
2023-03-05,2,0
2023-03-05,3,0
2023-03-05,4,0
2023-03-05,5,2
2023-03-05,6,12
2023-03-05,7,42
2023-03-05,8,42
2023-03-05,9,22
2023-03-05,10,12
2023-03-05,11,12
2023-03-05,12,12
2023-03-05,13,12
2023-03-05,14,20
2023-03-05,15,15
2023-03-05,16,15
2023-03-05,17,10
2023-03-05,18,10
2023-03-05,19,6
2023-03-05,20,3
2023-03-05,21,3
2023-03-05,22,3
2023-03-05,23,4
2023-03-06,0,0
2023-03-06,1,1
2023-03-06,2,0
2023-03-06,3,0
2023-03-06,4,0
2023-03-06,5,2
2023-03-06,6,12
2023-03-06,7,42
2023-03-06,8,42
2023-03-06,9,22
2023-03-06,10,12
2023-03-06,11,12
2023-03-06,12,12
2023-03-06,13,12
2023-03-06,14,20
2023-03-06,15,15
2023-03-06,16,15
2023-03-06,17,10
2023-03-06,18,10
2023-03-06,19,6
2023-03-06,20,3
2023-03-06,21,3
2023-03-06,22,3
2023-03-06,23,4
2023-03-07,0,0
2023-03-07,1,1
2023-03-07,2,0
2023-03-07,3,0
2023-03-07,4,0
2023-03-07,5,2
2023-03-07,6,4
2023-03-07,7,21
2023-03-07,8,42
2023-03-07,9,22
2023-03-07,10,12
2023-03-07,11,12
2023-03-07,12,12
2023-03-07,13,12
2023-03-07,14,10
2023-03-07,15,15
2023-03-07,16,15
2023-03-07,17,10
2023-03-07,18,10
2023-03-07,19,6
2023-03-07,20,3
2023-03-07,21,3
2023-03-07,22,3
2023-03-07,23,4
2023-03-08,0,0
2023-03-08,1,1
2023-03-08,2,0
2023-03-08,3,0
2023-03-08,4,0
2023-03-08,5,2
2023-03-08,6,4
2023-03-08,7,21
2023-03-08,8,21
2023-03-08,9,22
2023-03-08,10,12
2023-03-08,11,12
2023-03-08,12,12
2023-03-08,13,12
2023-03-08,14,10
2023-03-08,15,15
2023-03-08,16,15
2023-03-08,17,10
2023-03-08,18,10
2023-03-08,19,6
2023-03-08,20,3
2023-03-08,21,3
2023-03-08,22,3
2023-03-08,23,4
2023-03-09,0,0
2023-03-09,1,1
2023-03-09,2,0
2023-03-09,3,0
2023-03-09,4,0
2023-03-09,5,2
2023-03-09,6,7
2023-03-09,7,42
2023-03-09,8,42
2023-03-09,9,22
2023-03-09,10,12
2023-03-09,11,12
2023-03-09,12,12
2023-03-09,13,12
2023-03-09,14,10
2023-03-09,15,15
2023-03-09,16,15
2023-03-09,17,10
2023-03-09,18,10
2023-03-09,19,6
2023-03-09,20,3
2023-03-09,21,3
2023-03-09,22,5
2023-03-09,23,4
2023-03-10,0,0
2023-03-10,1,1
2023-03-10,2,0
2023-03-10,3,0
2023-03-10,4,0
2023-03-10,5,2
2023-03-10,6,7
2023-03-10,7,42
2023-03-10,8,42
2023-03-10,9,22
2023-03-10,10,12
2023-03-10,11,12
2023-03-10,12,12
2023-03-10,13,12
2023-03-10,14,10
2023-03-10,15,15
2023-03-10,16,15
2023-03-10,17,10
2023-03-10,18,10
2023-03-10,19,6
2023-03-10,20,3
2023-03-10,21,3
2023-03-10,22,3
2023-03-10,23,4
2023-03-11,0,0
2023-03-11,1,0
2023-03-11,2,0
2023-03-11,3,0
2023-03-11,4,0
2023-03-11,5,2
2023-03-11,6,7
2023-03-11,7,21
2023-03-11,8,42
2023-03-11,9,22
2023-03-11,10,12
2023-03-11,11,12
2023-03-11,12,12
2023-03-11,13,12
2023-03-11,14,10
2023-03-11,15,15
2023-03-11,16,15
2023-03-11,17,10
2023-03-11,18,10
2023-03-11,19,6
2023-03-11,20,3
2023-03-11,21,3
2023-03-11,22,3
2023-03-11,23,4
2023-03-12,0,0
2023-03-12,1,1
2023-03-12,2,0
2023-03-12,3,0
2023-03-12,4,0
2023-03-12,5,2
2023-03-12,6,7
2023-03-12,7,21
2023-03-12,8,21
2023-03-12,9,22
2023-03-12,10,12
2023-03-12,11,12
2023-03-12,12,12
2023-03-12,13,12
2023-03-12,14,10
2023-03-12,15,15
2023-03-12,16,15
2023-03-12,17,10
2023-03-12,18,10
2023-03-12,19,6
2023-03-12,20,6
2023-03-12,21,6
2023-03-12,22,3
2023-03-12,23,4
2023-03-13,0,0
2023-03-13,1,0
2023-03-13,2,0
2023-03-13,3,0
2023-03-13,4,0
2023-03-13,5,2
2023-03-13,6,16
2023-03-13,7,81
2023-03-13,8,81
2023-03-13,9,22
2023-03-13,10,12
2023-03-13,11,12
2023-03-13,12,12
2023-03-13,13,12
2023-03-13,14,20
2023-03-13,15,15
2023-03-13,16,15
2023-03-13,17,10
2023-03-13,18,10
2023-03-13,19,6
2023-03-13,20,6
2023-03-13,21,6
2023-03-13,22,5
2023-03-13,23,4
2023-03-14,0,0
2023-03-14,1,0
2023-03-14,2,0
2023-03-14,3,0
2023-03-14,4,0
2023-03-14,5,2
2023-03-14,6,6
2023-03-14,7,21
2023-03-14,8,81
2023-03-14,9,22
2023-03-14,10,12
2023-03-14,11,12
2023-03-14,12,12
2023-03-14,13,12
2023-03-14,14,10
2023-03-14,15,15
2023-03-14,16,15
2023-03-14,17,10
2023-03-14,18,10
2023-03-14,19,6
2023-03-14,20,3
2023-03-14,21,3
2023-03-14,22,3
2023-03-14,23,4
2023-03-15,0,0
2023-03-15,1,1
2023-03-15,2,0
2023-03-15,3,0
2023-03-15,4,0
2023-03-15,5,2
2023-03-15,6,7
2023-03-15,7,42
2023-03-15,8,81
2023-03-15,9,22
2023-03-15,10,12
2023-03-15,11,12
2023-03-15,12,12
2023-03-15,13,12
2023-03-15,14,27
2023-03-15,15,48
2023-03-15,16,48
2023-03-15,17,14
2023-03-15,18,10
2023-03-15,19,6
2023-03-15,20,3
2023-03-15,21,3
2023-03-15,22,3
2023-03-15,23,4
2023-03-16,0,0
2023-03-16,1,1
2023-03-16,2,0
2023-03-16,3,0
2023-03-16,4,0
2023-03-16,5,2
2023-03-16,6,10
2023-03-16,7,52
2023-03-16,8,52
2023-03-16,9,22
2023-03-16,10,12
2023-03-16,11,12
2023-03-16,12,12
2023-03-16,13,17
2023-03-16,14,20
2023-03-16,15,29
2023-03-16,16,15
2023-03-16,17,10
2023-03-16,18,14
2023-03-16,19,10
2023-03-16,20,6
2023-03-16,21,6
2023-03-16,22,4
2023-03-16,23,4
2023-03-17,0,0
2023-03-17,1,0
2023-03-17,2,0
2023-03-17,3,0
2023-03-17,4,0
2023-03-17,5,2
2023-03-17,6,10
2023-03-17,7,52
2023-03-17,8,52
2023-03-17,9,26
2023-03-17,10,17
2023-03-17,11,17
2023-03-17,12,17
2023-03-17,13,17
2023-03-17,14,17
2023-03-17,15,29
2023-03-17,16,29
2023-03-17,17,17
2023-03-17,18,17
2023-03-17,19,10
2023-03-17,20,6
2023-03-17,21,6
2023-03-17,22,4
2023-03-17,23,4
2023-03-18,0,0
2023-03-18,1,1
2023-03-18,2,0
2023-03-18,3,0
2023-03-18,4,0
2023-03-18,5,2
2023-03-18,6,14
2023-03-18,7,21
2023-03-18,8,81
2023-03-18,9,26
2023-03-18,10,17
2023-03-18,11,17
2023-03-18,12,17
2023-03-18,13,17
2023-03-18,14,17
2023-03-18,15,29
2023-03-18,16,29
2023-03-18,17,17
2023-03-18,18,17
2023-03-18,19,10
2023-03-18,20,6
2023-03-18,21,6
2023-03-18,22,4
2023-03-18,23,4
2023-03-19,0,0
2023-03-19,1,1
2023-03-19,2,0
2023-03-19,3,0
2023-03-19,4,0
2023-03-19,5,2
2023-03-19,6,10
2023-03-19,7,81
2023-03-19,8,81
2023-03-19,9,26
2023-03-19,10,17
2023-03-19,11,17
2023-03-19,12,17
2023-03-19,13,17
2023-03-19,14,17
2023-03-19,15,29
2023-03-19,16,29
2023-03-19,17,17
2023-03-19,18,17
2023-03-19,19,10
2023-03-19,20,6
2023-03-19,21,6
2023-03-19,22,4
2023-03-19,23,4
2023-03-20,0,0
2023-03-20,1,1
2023-03-20,2,0
2023-03-20,3,0
2023-03-20,4,0
2023-03-20,5,2
2023-03-20,6,14
2023-03-20,7,81
2023-03-20,8,81
2023-03-20,9,26
2023-03-20,10,17
2023-03-20,11,17
2023-03-20,12,17
2023-03-20,13,17
2023-03-20,14,17
2023-03-20,15,29
2023-03-20,16,29
2023-03-20,17,17
2023-03-20,18,17
2023-03-20,19,10
2023-03-20,20,6
2023-03-20,21,6
2023-03-20,22,3
2023-03-20,23,4
2023-03-21,0,0
2023-03-21,1,1
2023-03-21,2,0
2023-03-21,3,0
2023-03-21,4,0
2023-03-21,5,2
2023-03-21,6,16
2023-03-21,7,81
2023-03-21,8,81
2023-03-21,9,26
2023-03-21,10,17
2023-03-21,11,17
2023-03-21,12,17
2023-03-21,13,17
2023-03-21,14,17
2023-03-21,15,29
2023-03-21,16,29
2023-03-21,17,17
2023-03-21,18,17
2023-03-21,19,10
2023-03-21,20,6
2023-03-21,21,6
2023-03-21,22,4
2023-03-21,23,4
2023-03-22,0,0
2023-03-22,1,0
2023-03-22,2,0
2023-03-22,3,0
2023-03-22,4,0
2023-03-22,5,4
2023-03-22,6,16
2023-03-22,7,81
2023-03-22,8,81
2023-03-22,9,26
2023-03-22,10,17
2023-03-22,11,17
2023-03-22,12,17
2023-03-22,13,17
2023-03-22,14,17
2023-03-22,15,29
2023-03-22,16,29
2023-03-22,17,17
2023-03-22,18,17
2023-03-22,19,10
2023-03-22,20,6
2023-03-22,21,6
2023-03-22,22,4
2023-03-22,23,4
2023-03-23,0,0
2023-03-23,1,0
2023-03-23,2,0
2023-03-23,3,0
2023-03-23,4,0
2023-03-23,5,2
2023-03-23,6,16
2023-03-23,7,81
2023-03-23,8,81
2023-03-23,9,26
2023-03-23,10,17
2023-03-23,11,17
2023-03-23,12,17
2023-03-23,13,17
2023-03-23,14,17
2023-03-23,15,29
2023-03-23,16,29
2023-03-23,17,17
2023-03-23,18,17
2023-03-23,19,10
2023-03-23,20,6
2023-03-23,21,6
2023-03-23,22,4
2023-03-23,23,4
2023-03-24,0,0
2023-03-24,1,0
2023-03-24,2,0
2023-03-24,3,0
2023-03-24,4,0
2023-03-24,5,2
2023-03-24,6,16
2023-03-24,7,81
2023-03-24,8,81
2023-03-24,9,26
2023-03-24,10,17
2023-03-24,11,17
2023-03-24,12,17
2023-03-24,13,17
2023-03-24,14,17
2023-03-24,15,29
2023-03-24,16,29
2023-03-24,17,17
2023-03-24,18,17
2023-03-24,19,10
2023-03-24,20,6
2023-03-24,21,6
2023-03-24,22,4
2023-03-24,23,4
2023-03-25,0,0
2023-03-25,1,1
2023-03-25,2,0
2023-03-25,3,0
2023-03-25,4,0
2023-03-25,5,2
2023-03-25,6,16
2023-03-25,7,81
2023-03-25,8,81
2023-03-25,9,26
2023-03-25,10,17
2023-03-25,11,17
2023-03-25,12,17
2023-03-25,13,17
2023-03-25,14,17
2023-03-25,15,29
2023-03-25,16,29
2023-03-25,17,17
2023-03-25,18,17
2023-03-25,19,10
2023-03-25,20,6
2023-03-25,21,6
2023-03-25,22,5
2023-03-25,23,4
2023-03-26,0,0
2023-03-26,1,0
2023-03-26,3,0
2023-03-26,4,0
2023-03-26,5,2
2023-03-26,6,7
2023-03-26,7,21
2023-03-26,8,81
2023-03-26,9,22
2023-03-26,10,12
2023-03-26,11,12
2023-03-26,12,12
2023-03-26,13,12
2023-03-26,14,20
2023-03-26,15,29
2023-03-26,16,29
2023-03-26,17,10
2023-03-26,18,10
2023-03-26,19,6
2023-03-26,20,6
2023-03-26,21,3
2023-03-26,22,3
2023-03-26,23,4
2023-03-27,0,0
2023-03-27,1,1
2023-03-27,2,0
2023-03-27,3,0
2023-03-27,4,0
2023-03-27,5,2
2023-03-27,6,3
2023-03-27,7,21
2023-03-27,8,21
2023-03-27,9,22
2023-03-27,10,12
2023-03-27,11,12
2023-03-27,12,12
2023-03-27,13,12
2023-03-27,14,17
2023-03-27,15,48
2023-03-27,16,48
2023-03-27,17,41
2023-03-27,18,14
2023-03-27,19,10
2023-03-27,20,6
2023-03-27,21,6
2023-03-27,22,3
2023-03-27,23,4
2023-03-28,0,0
2023-03-28,1,1
2023-03-28,2,0
2023-03-28,3,0
2023-03-28,4,0
2023-03-28,5,2
2023-03-28,6,3
2023-03-28,7,21
2023-03-28,8,21
2023-03-28,9,22
2023-03-28,10,12
2023-03-28,11,12
2023-03-28,12,12
2023-03-28,13,12
2023-03-28,14,20
2023-03-28,15,15
2023-03-28,16,15
2023-03-28,17,10
2023-03-28,18,10
2023-03-28,19,6
2023-03-28,20,6
2023-03-28,21,6
2023-03-28,22,3
2023-03-28,23,4
2023-03-29,0,0
2023-03-29,1,1
2023-03-29,2,0
2023-03-29,3,0
2023-03-29,4,0
2023-03-29,5,2
2023-03-29,6,14
2023-03-29,7,81
2023-03-29,8,81
2023-03-29,9,22
2023-03-29,10,17
2023-03-29,11,17
2023-03-29,12,17
2023-03-29,13,17
2023-03-29,14,17
2023-03-29,15,48
2023-03-29,16,48
2023-03-29,17,41
2023-03-29,18,17
2023-03-29,19,10
2023-03-29,20,6
2023-03-29,21,6
2023-03-29,22,4
2023-03-29,23,4
2023-03-30,0,0
2023-03-30,1,1
2023-03-30,2,0
2023-03-30,3,0
2023-03-30,4,0
2023-03-30,5,2
2023-03-30,6,14
2023-03-30,7,81
2023-03-30,8,81
2023-03-30,9,26
2023-03-30,10,17
2023-03-30,11,17
2023-03-30,12,17
2023-03-30,13,17
2023-03-30,14,17
2023-03-30,15,29
2023-03-30,16,29
2023-03-30,17,17
2023-03-30,18,17
2023-03-30,19,10
2023-03-30,20,6
2023-03-30,21,6
2023-03-30,22,4
2023-03-30,23,4
2023-03-31,0,0
2023-03-31,1,1
2023-03-31,2,0
2023-03-31,3,0
2023-03-31,4,0
2023-03-31,5,2
2023-03-31,6,16
2023-03-31,7,81
2023-03-31,8,81
2023-03-31,9,26
2023-03-31,10,17
2023-03-31,11,17
2023-03-31,12,17
2023-03-31,13,32
2023-03-31,14,44
2023-03-31,15,61
2023-03-31,16,61
2023-03-31,17,41
2023-03-31,18,17
2023-03-31,19,10
2023-03-31,20,6
2023-03-31,21,6
2023-03-31,22,4
2023-03-31,23,4
2023-04-01,0,0
2023-04-01,1,1
2023-04-01,2,0
2023-04-01,3,0
2023-04-01,4,0
2023-04-01,5,2
2023-04-01,6,12
2023-04-01,7,81
2023-04-01,8,81
2023-04-01,9,26
2023-04-01,10,25
2023-04-01,11,25
2023-04-01,12,25
2023-04-01,13,25
2023-04-01,14,25
2023-04-01,15,29
2023-04-01,16,29
2023-04-01,17,22
2023-04-01,18,22
2023-04-01,19,21
2023-04-01,20,14
2023-04-01,21,11
2023-04-01,22,9
2023-04-01,23,4
2023-04-02,0,0
2023-04-02,1,1
2023-04-02,2,0
2023-04-02,3,0
2023-04-02,4,0
2023-04-02,5,2
2023-04-02,6,1
2023-04-02,7,81
2023-04-02,8,81
2023-04-02,9,26
2023-04-02,10,25
2023-04-02,11,25
2023-04-02,12,25
2023-04-02,13,25
2023-04-02,14,25
2023-04-02,15,29
2023-04-02,16,29
2023-04-02,17,22
2023-04-02,18,22
2023-04-02,19,21
2023-04-02,20,14
2023-04-02,21,11
2023-04-02,22,9
2023-04-02,23,4
2023-04-03,0,0
2023-04-03,1,1
2023-04-03,2,0
2023-04-03,3,0
2023-04-03,4,0
2023-04-03,5,2
2023-04-03,6,16
2023-04-03,7,81
2023-04-03,8,81
2023-04-03,9,26
2023-04-03,10,25
2023-04-03,11,25
2023-04-03,12,25
2023-04-03,13,25
2023-04-03,14,25
2023-04-03,15,29
2023-04-03,16,29
2023-04-03,17,22
2023-04-03,18,22
2023-04-03,19,21
2023-04-03,20,14
2023-04-03,21,11
2023-04-03,22,9
2023-04-03,23,4
2023-04-04,0,0
2023-04-04,1,1
2023-04-04,2,0
2023-04-04,3,0
2023-04-04,4,0
2023-04-04,5,2
2023-04-04,6,14
2023-04-04,7,81
2023-04-04,8,81
2023-04-04,9,26
2023-04-04,10,25
2023-04-04,11,25
2023-04-04,12,25
2023-04-04,13,25
2023-04-04,14,25
2023-04-04,15,29
2023-04-04,16,29
2023-04-04,17,22
2023-04-04,18,22
2023-04-04,19,21
2023-04-04,20,14
2023-04-04,21,11
2023-04-04,22,9
2023-04-04,23,4
2023-04-05,0,0
2023-04-05,1,1
2023-04-05,2,0
2023-04-05,3,0
2023-04-05,4,0
2023-04-05,5,2
2023-04-05,6,16
2023-04-05,7,81
2023-04-05,8,52
2023-04-05,9,26
2023-04-05,10,25
2023-04-05,11,25
2023-04-05,12,25
2023-04-05,13,25
2023-04-05,14,25
2023-04-05,15,29
2023-04-05,16,29
2023-04-05,17,22
2023-04-05,18,22
2023-04-05,19,21
2023-04-05,20,14
2023-04-05,21,11
2023-04-05,22,9
2023-04-05,23,4
2023-04-06,0,0
2023-04-06,1,1
2023-04-06,2,0
2023-04-06,3,0
2023-04-06,4,0
2023-04-06,5,2
2023-04-06,6,16
2023-04-06,7,81
2023-04-06,8,81
2023-04-06,9,26
2023-04-06,10,25
2023-04-06,11,25
2023-04-06,12,25
2023-04-06,13,25
2023-04-10,11,32
2023-04-10,12,32
2023-04-10,13,32
2023-04-10,14,41
2023-04-10,15,33
2023-04-10,16,33
2023-04-10,17,23
2023-04-10,18,23
2023-04-10,19,10
2023-04-10,20,10
2023-04-10,21,11
2023-04-10,22,10
2023-04-10,23,5
2023-04-11,0,2
2023-04-11,1,1
2023-04-11,2,0
2023-04-11,3,0
2023-04-11,4,0
2023-04-11,5,4
2023-04-11,6,18
2023-04-11,7,52
2023-04-11,8,81
2023-04-11,9,25
2023-04-11,10,32
2023-04-11,11,32
2023-04-11,12,25
2023-04-11,13,25
2023-04-11,14,25
2023-04-11,15,29
2023-04-11,16,29
2023-04-11,17,17
2023-04-11,18,17
2023-04-11,19,21
2023-04-11,20,14
2023-04-11,21,11
2023-04-11,22,10
2023-04-11,23,4
2023-04-12,0,0
2023-04-12,1,1
2023-04-12,2,0
2023-04-12,3,0
2023-04-12,4,0
2023-04-12,5,2
2023-04-12,6,27
2023-04-12,7,81
2023-04-12,8,81
2023-04-12,9,25
2023-04-12,10,32
2023-04-12,11,32
2023-04-12,12,32
2023-04-12,13,32
2023-04-12,14,41
2023-04-12,15,49
2023-04-12,16,49
2023-04-12,17,34
2023-04-12,18,34
2023-04-12,19,10
2023-04-12,20,10
2023-04-12,21,11
2023-04-12,22,10
2023-04-12,23,8
2023-04-13,0,0
2023-04-13,1,1
2023-04-13,2,0
2023-04-13,3,0
2023-04-13,4,0
2023-04-13,5,4
2023-04-13,6,18
2023-04-13,7,52
2023-04-13,8,52
2023-04-13,9,25
2023-04-13,10,32
2023-04-13,11,32
2023-04-13,12,32
2023-04-13,13,32
2023-04-13,14,41
2023-04-13,15,61
2023-04-13,16,61
2023-04-13,17,34
2023-04-13,18,34
2023-04-13,19,18
2023-04-13,20,18
2023-04-13,21,11
2023-04-13,22,10
2023-04-13,23,8
2023-04-14,0,0
2023-04-14,1,1
2023-04-14,2,0
2023-04-14,3,0
2023-04-14,4,0
2023-04-14,5,4
2023-04-14,6,18
2023-04-14,7,81
2023-04-14,8,81
2023-04-14,9,25
2023-04-14,10,32
2023-04-14,11,32
2023-04-14,12,32
2023-04-14,13,32
2023-04-14,14,44
2023-04-14,15,61
2023-04-14,16,33
2023-04-14,17,34
2023-04-14,18,34
2023-04-14,19,26
2023-04-14,20,14
2023-04-14,21,11
2023-04-14,22,10
2023-04-14,23,4
2023-04-15,0,0
2023-04-15,1,1
2023-04-15,2,0
2023-04-15,3,0
2023-04-15,4,0
2023-04-15,5,2
2023-04-15,6,27
2023-04-15,7,81
2023-04-15,8,81
2023-04-15,9,25
2023-04-15,10,32
2023-04-15,11,32
2023-04-15,12,32
2023-04-15,13,32
2023-04-15,14,44
2023-04-15,15,61
2023-04-15,16,61
2023-04-15,17,34
2023-04-15,18,34
2023-04-15,19,26
2023-04-15,20,14
2023-04-15,21,11
2023-04-15,22,10
2023-04-15,23,4
2023-04-16,0,0
2023-04-16,1,1
2023-04-16,2,0
2023-04-16,3,0
2023-04-16,4,0
2023-04-16,5,4
2023-04-16,6,10
2023-04-16,7,81
2023-04-16,8,81
2023-04-16,9,25
2023-04-16,10,32
2023-04-16,11,32
2023-04-16,12,32
2023-04-16,13,32
2023-04-16,14,44
2023-04-16,15,61
2023-04-16,16,61
2023-04-16,17,34
2023-04-16,18,34
2023-04-16,19,26
2023-04-16,20,20
2023-04-16,21,11
2023-04-16,22,10
2023-04-16,23,4
2023-04-17,0,0
2023-04-17,1,1
2023-04-17,2,0
2023-04-17,3,0
2023-04-17,4,0
2023-04-17,5,2
2023-04-17,6,1
2023-04-17,7,81
2023-04-17,8,81
2023-04-17,9,25
2023-04-17,10,32
2023-04-17,11,32
2023-04-17,12,32
2023-04-17,13,32
2023-04-17,14,44
2023-04-17,15,61
2023-04-17,16,61
2023-04-17,17,34
2023-04-17,18,34
2023-04-17,19,26
2023-04-17,20,20
2023-04-17,21,17
2023-04-17,22,10
2023-04-17,23,4
2023-04-18,0,0
2023-04-18,1,1
2023-04-18,2,0
2023-04-18,3,0
2023-04-18,4,0
2023-04-18,5,2
2023-04-18,6,22
2023-04-18,7,81
2023-04-18,8,81
2023-04-18,9,25
2023-04-18,10,32
2023-04-18,11,32
2023-04-18,12,32
2023-04-18,13,32
2023-04-18,14,44
2023-04-18,15,61
2023-04-18,16,61
2023-04-18,17,51
2023-04-18,18,34
2023-04-18,19,26
2023-04-18,20,20
2023-04-18,21,17
2023-04-18,22,12
2023-04-18,23,4
2023-04-19,0,0
2023-04-19,1,1
2023-04-19,2,0
2023-04-19,3,0
2023-04-19,4,0
2023-04-19,5,2
2023-04-19,6,2
2023-04-19,7,81
2023-04-19,8,81
2023-04-19,9,25
2023-04-19,10,32
2023-04-19,11,32
2023-04-19,12,32
2023-04-19,13,32
2023-04-19,14,44
2023-04-19,15,61
2023-04-19,16,61
2023-04-19,17,51
2023-04-19,18,51
2023-04-19,19,33
2023-04-19,20,20
2023-04-19,21,17
2023-04-19,22,12
2023-04-19,23,8
2023-04-20,0,0
2023-04-20,1,1
2023-04-20,2,0
2023-04-20,3,0
2023-04-20,4,0
2023-04-20,5,4
2023-04-20,6,2
2023-04-20,7,81
2023-04-20,8,81
2023-04-20,9,25
2023-04-20,10,32
2023-04-20,11,32
2023-04-20,12,32
2023-04-20,13,32
2023-04-20,14,48
2023-04-20,15,61
2023-04-20,16,61
2023-04-20,17,51
2023-04-20,18,51
2023-04-20,19,33
2023-04-20,20,20
2023-04-20,21,17
2023-04-20,22,12
2023-04-20,23,4
2023-04-21,0,0
2023-04-21,1,1
2023-04-21,2,0
2023-04-21,3,0
2023-04-21,4,0
2023-04-21,5,2
2023-04-21,6,0
2023-04-21,7,81
2023-04-21,8,81
2023-04-21,9,25
2023-04-21,10,32
2023-04-21,11,32
2023-04-21,12,32
2023-04-21,13,32
2023-04-21,14,44
2023-04-21,15,61
2023-04-21,16,61
2023-04-21,17,34
2023-04-21,18,34
2023-04-21,19,26
2023-04-21,20,20
2023-04-21,21,17
2023-04-21,22,10
2023-04-21,23,4
2023-04-22,0,0
2023-04-22,1,1
2023-04-22,2,0
2023-04-22,3,0
2023-04-22,4,0
2023-04-22,5,2
2023-04-22,13,32
2023-04-22,14,44
2023-04-22,15,61
2023-04-22,16,61
2023-04-22,17,51
2023-04-22,18,34
2023-04-22,19,22
2023-04-22,20,20
2023-04-22,21,11
2023-04-22,22,10
2023-04-22,23,8
2023-04-23,0,2
2023-04-23,1,1
2023-04-23,2,0
2023-04-23,3,0
2023-04-23,4,0
2023-04-23,5,4
2023-04-23,6,18
2023-04-23,7,81
2023-04-23,8,81
2023-04-23,9,26
2023-04-23,10,25
2023-04-23,11,25
2023-04-23,12,32
2023-04-23,13,32
2023-04-23,14,25
2023-04-23,15,29
2023-04-23,16,29
2023-04-23,17,17
2023-04-23,18,17
2023-04-23,19,21
2023-04-23,20,14
2023-04-23,21,11
2023-04-23,22,10
2023-04-23,23,4
2023-04-24,0,0
2023-04-24,1,1
2023-04-24,2,0
2023-04-24,3,0
2023-04-24,4,0
2023-04-24,5,2
2023-04-24,6,16
2023-04-24,7,81
2023-04-24,8,81
2023-04-24,9,26
2023-04-24,10,25
2023-04-24,11,25
2023-04-24,12,25
2023-04-24,13,25
2023-04-24,14,25
2023-04-24,15,29
2023-04-24,16,29
2023-04-24,17,17
2023-04-24,18,17
2023-04-24,19,21
2023-04-24,20,14
2023-04-24,21,11
2023-04-24,22,7
2023-04-24,23,4
2023-04-25,0,0
2023-04-25,1,0
2023-04-25,2,0
2023-04-25,3,0
2023-04-25,4,0
2023-04-25,5,2
2023-04-25,6,6
2023-04-25,7,52
2023-04-25,8,52
2023-04-25,9,26
2023-04-25,10,25
2023-04-25,11,25
2023-04-25,12,25
2023-04-25,13,25
2023-04-25,14,25
2023-04-25,15,29
2023-04-25,16,48
2023-04-25,17,41
2023-04-25,18,41
2023-04-25,19,21
2023-04-25,20,14
2023-04-25,21,11
2023-04-25,22,9
2023-04-25,23,4
2023-04-26,0,0
2023-04-26,1,1
2023-04-26,2,0
2023-04-26,3,0
2023-04-26,4,0
2023-04-26,5,2
2023-04-26,6,27
2023-04-26,7,81
2023-04-26,8,81
2023-04-26,9,26
2023-04-26,10,12
2023-04-26,11,25
2023-04-26,12,25
2023-04-26,13,25
2023-04-26,14,27
2023-04-26,15,48
2023-04-26,16,29
2023-04-26,17,41
2023-04-26,18,28
2023-04-26,19,21
2023-04-26,20,14
2023-04-26,21,11
2023-04-26,22,9
2023-04-26,23,4
2023-04-27,0,0
2023-04-27,1,1
2023-04-27,2,0
2023-04-27,3,0
2023-04-27,4,0
2023-04-27,5,2
2023-04-27,6,14
2023-04-27,7,81
2023-04-27,8,81
2023-04-27,9,22
2023-04-27,10,12
2023-04-27,11,12
2023-04-27,12,25
2023-04-27,13,25
2023-04-27,14,20
2023-04-27,15,48
2023-04-27,16,48
2023-04-27,17,41
2023-04-27,18,41
2023-04-27,19,21
2023-04-27,20,14
2023-04-27,21,11
2023-04-27,22,9
2023-04-27,23,4
2023-04-28,0,0
2023-04-28,1,1
2023-04-28,2,0
2023-04-28,3,0
2023-04-28,4,0
2023-04-28,5,2
2023-04-28,6,24
2023-04-28,7,81
2023-04-28,8,81
2023-04-28,9,26
2023-04-28,10,25
2023-04-28,11,25
2023-04-28,12,25
2023-04-28,13,25
2023-04-28,14,25
2023-04-28,15,29
2023-04-28,16,29
2023-04-28,17,17
2023-04-28,18,14
2023-04-28,19,16
2023-04-28,20,14
2023-04-28,21,11
2023-04-28,22,9
2023-04-28,23,4
2023-04-29,0,0
2023-04-29,1,0
2023-04-29,2,0
2023-04-29,3,0
2023-04-29,4,0
2023-04-29,5,2
2023-04-29,6,10
2023-04-29,7,52
2023-04-29,8,52
2023-04-29,9,26
2023-04-29,10,25
2023-04-29,11,25
2023-04-29,12,25
2023-04-29,13,25
2023-04-29,14,25
2023-04-29,15,29
2023-04-29,16,29
2023-04-29,17,14
2023-04-29,18,10
2023-04-29,19,16
2023-04-29,20,14
2023-04-29,21,11
2023-04-29,22,9
2023-04-29,23,4
2023-04-30,0,0
2023-04-30,1,1
2023-04-30,2,0
2023-04-30,3,0
2023-04-30,4,0
2023-04-30,5,2
2023-04-30,6,14
2023-04-30,7,81
2023-04-30,8,81
2023-04-30,9,26
2023-04-30,10,25
2023-04-30,11,25
2023-04-30,12,25
2023-04-30,13,25
2023-04-30,14,25
2023-04-30,15,29
2023-04-30,16,29
2023-04-30,17,22
2023-04-30,18,14
2023-04-30,19,16
2023-04-30,20,14
2023-04-30,21,11
2023-04-30,22,9
2023-04-30,23,4
2023-05-01,0,1
2023-05-01,1,1
2023-05-01,2,0
2023-05-01,3,0
2023-05-01,4,0
2023-05-01,5,2
2023-05-01,6,20
2023-05-01,7,73
2023-05-01,8,73
2023-05-01,9,47
2023-05-01,10,25
2023-05-01,11,25
2023-05-01,12,25
2023-05-01,13,25
2023-05-01,14,25
2023-05-01,15,29
2023-05-01,16,29
2023-05-01,17,17
2023-05-01,18,17
2023-05-01,19,21
2023-05-01,20,14
2023-05-01,21,11
2023-05-01,22,9
2023-05-01,23,4
2023-05-02,0,1
2023-05-02,1,1
2023-05-02,2,0
2023-05-02,3,0
2023-05-02,4,0
2023-05-02,5,2
2023-05-02,6,20
2023-05-02,7,73
2023-05-02,8,73
2023-05-02,9,47
2023-05-02,10,25
2023-05-02,11,25
2023-05-02,12,25
2023-05-02,13,25
2023-05-02,14,25
2023-05-02,15,48
2023-05-02,16,48
2023-05-02,17,41
2023-05-02,18,41
2023-05-02,19,21
2023-05-02,20,14
2023-05-02,21,11
2023-05-02,22,10
2023-05-02,23,4
2023-05-03,0,1
2023-05-03,1,1
2023-05-03,2,0
2023-05-03,3,0
2023-05-03,4,0
2023-05-03,5,2
2023-05-03,6,10
2023-05-03,7,73
2023-05-03,8,73
2023-05-03,9,47
2023-05-03,10,25
2023-05-03,11,25
2023-05-03,12,25
2023-05-03,13,25
2023-05-03,14,25
2023-05-03,15,61
2023-05-03,16,48
2023-05-03,17,34
2023-05-03,18,34
2023-05-03,19,21
2023-05-03,20,14
2023-05-03,21,11
2023-05-03,22,9
2023-05-03,23,4
2023-05-04,0,1
2023-05-04,1,1
2023-05-04,2,0
2023-05-04,3,0
2023-05-04,4,0
2023-05-04,5,2
2023-05-04,6,10
2023-05-04,7,144
2023-05-04,8,144
2023-05-04,9,60
2023-05-04,10,32
2023-05-04,11,32
2023-05-04,12,32
2023-05-04,13,32
2023-05-04,14,41
2023-05-04,15,61
2023-05-04,16,61
2023-05-04,17,34
2023-05-04,18,34
2023-05-04,19,26
2023-05-04,20,14
2023-05-04,21,11
2023-05-04,22,10
2023-05-04,23,4
2023-05-05,0,1
2023-05-05,1,1
2023-05-05,2,0
2023-05-05,3,0
2023-05-05,4,0
2023-05-05,5,2
2023-05-05,6,27
2023-05-05,7,144
2023-05-05,8,144
2023-05-05,9,60
2023-05-05,10,32
2023-05-05,11,32
2023-05-05,12,32
2023-05-05,13,32
2023-05-05,14,44
2023-05-05,15,61
2023-05-05,16,61
2023-05-05,17,34
2023-05-05,18,34
2023-05-05,19,26
2023-05-05,20,20
2023-05-05,21,11
2023-05-05,22,10
2023-05-05,23,4
2023-05-06,0,1
2023-05-06,1,1
2023-05-06,2,0
2023-05-06,3,0
2023-05-06,4,0
2023-05-06,5,2
2023-05-06,6,37
2023-05-06,7,144
2023-05-06,8,144
2023-05-06,9,60
2023-05-06,10,32
2023-05-06,11,32
2023-05-06,12,32
2023-05-06,13,32
2023-05-06,14,44
2023-05-06,15,61
2023-05-06,16,61
2023-05-06,17,34
2023-05-06,18,34
2023-05-06,19,26
2023-05-06,20,14
2023-05-06,21,11
2023-05-06,22,10
2023-05-06,23,4
2023-05-07,0,1
2023-05-07,1,1
2023-05-07,2,0
2023-05-07,3,0
2023-05-07,4,0
2023-05-07,5,2
2023-05-07,6,37
2023-05-07,7,144
2023-05-07,8,144
2023-05-07,9,60
2023-05-07,10,32
2023-05-07,11,32
2023-05-07,12,32
2023-05-07,13,32
2023-05-07,14,44
2023-05-07,15,61
2023-05-07,16,61
2023-05-07,17,34
2023-05-07,18,34
2023-05-07,19,26
2023-05-07,20,20
2023-05-07,21,17
2023-05-07,22,12
2023-05-07,23,8
2023-05-08,0,2
2023-05-08,1,1
2023-05-08,2,1
2023-05-08,3,1
2023-05-08,4,1
2023-05-08,5,4
2023-05-08,6,18
2023-05-08,7,73
2023-05-08,8,73
2023-05-08,9,60
2023-05-08,10,32
2023-05-08,11,32
2023-05-08,12,32
2023-05-08,13,32
2023-05-08,14,41
2023-05-08,15,33
2023-05-08,16,33
2023-05-08,17,23
2023-05-08,18,34
2023-05-08,19,22
2023-05-08,20,22
2023-05-08,21,17
2023-05-08,22,12
2023-05-08,23,5
2023-05-09,0,2
2023-05-09,1,1
2023-05-09,2,0
2023-05-09,3,0
2023-05-09,4,0
2023-05-09,5,4
2023-05-09,6,18
2023-05-09,7,73
2023-05-09,8,73
2023-05-09,9,60
2023-05-09,10,32
2023-05-09,11,32
2023-05-09,12,32
2023-05-09,13,32
2023-05-09,14,41
2023-05-09,15,49
2023-05-09,16,49
2023-05-09,17,34
2023-05-09,18,34
2023-05-09,19,26
2023-05-09,20,20
2023-05-09,21,17
2023-05-09,22,10
2023-05-09,23,5
2023-05-10,0,2
2023-05-10,1,1
2023-05-10,2,0
2023-05-10,3,0
2023-05-10,4,0
2023-05-10,5,4
2023-05-10,6,18
2023-05-10,7,73
2023-05-10,8,73
2023-05-12,10,32
2023-05-12,11,32
2023-05-12,12,32
2023-05-12,13,32
2023-05-12,14,44
2023-05-12,15,61
2023-05-12,16,61
2023-05-12,17,34
2023-05-12,18,34
2023-05-12,19,26
2023-05-12,20,20
2023-05-12,21,11
2023-05-12,22,10
2023-05-12,23,4
2023-05-13,0,1
2023-05-13,1,1
2023-05-13,2,0
2023-05-13,3,0
2023-05-13,4,0
2023-05-13,5,3
2023-05-13,6,34
2023-05-13,7,73
2023-05-13,8,73
2023-05-13,9,60
2023-05-13,10,32
2023-05-13,11,32
2023-05-13,12,32
2023-05-13,13,32
2023-05-13,14,44
2023-05-13,15,61
2023-05-13,16,61
2023-05-13,17,34
2023-05-13,18,34
2023-05-13,19,26
2023-05-13,20,20
2023-05-13,21,17
2023-05-13,22,10
2023-05-13,23,4
2023-05-14,0,1
2023-05-14,1,1
2023-05-14,2,0
2023-05-14,3,0
2023-05-14,4,0
2023-05-14,5,4
2023-05-14,6,37
2023-05-14,7,144
2023-05-14,8,144
2023-05-14,9,60
2023-05-14,10,32
2023-05-14,11,32
2023-05-14,12,32
2023-05-14,13,32
2023-05-14,14,44
2023-05-14,15,61
2023-05-14,16,61
2023-05-14,17,34
2023-05-14,18,34
2023-05-14,19,26
2023-05-14,20,20
2023-05-14,21,11
2023-05-14,22,10
2023-05-14,23,4
2023-05-15,0,1
2023-05-15,1,1
2023-05-15,2,0
2023-05-15,3,0
2023-05-15,4,0
2023-05-15,5,2
2023-05-15,6,20
2023-05-15,7,73
2023-05-15,8,73
2023-05-15,9,47
2023-05-15,10,25
2023-05-15,11,25
2023-05-15,12,25
2023-05-15,13,25
2023-05-15,14,25
2023-05-15,15,29
2023-05-15,16,29
2023-05-15,17,34
2023-05-15,18,34
2023-05-15,19,21
2023-05-15,20,14
2023-05-15,21,11
2023-05-15,22,10
2023-05-15,23,4
2023-05-16,0,1
2023-05-16,1,1
2023-05-16,2,0
2023-05-16,3,0
2023-05-16,4,0
2023-05-16,5,2
2023-05-16,6,29
2023-05-16,7,144
2023-05-16,8,144
2023-05-16,9,47
2023-05-16,10,25
2023-05-16,11,25
2023-05-16,12,25
2023-05-16,13,25
2023-05-16,14,25
2023-05-16,15,29
2023-05-16,16,29
2023-05-16,17,41
2023-05-16,18,41
2023-05-16,19,21
2023-05-16,20,14
2023-05-16,21,11
2023-05-16,22,9
2023-05-16,23,4
2023-05-17,0,1
2023-05-17,1,0
2023-05-17,2,0
2023-05-17,3,0
2023-05-17,4,0
2023-05-17,5,2
2023-05-17,6,20
2023-05-17,7,73
2023-05-17,8,73
2023-05-17,9,47
2023-05-17,10,25
2023-05-17,11,25
2023-05-17,12,25
2023-05-17,13,25
2023-05-17,14,25
2023-05-17,15,29
2023-05-17,16,48
2023-05-17,17,41
2023-05-17,18,41
2023-05-17,19,21
2023-05-17,20,14
2023-05-17,21,11
2023-05-17,22,9
2023-05-17,23,4
2023-05-18,0,1
2023-05-18,1,1
2023-05-18,2,0
2023-05-18,3,0
2023-05-18,4,0
2023-05-18,5,2
2023-05-18,6,20
2023-05-18,7,144
2023-05-18,8,73
2023-05-18,9,60
2023-05-18,10,32
2023-05-18,11,32
2023-05-18,12,32
2023-05-18,13,32
2023-05-18,14,41
2023-05-18,15,33
2023-05-18,16,49
2023-05-18,17,23
2023-05-18,18,34
2023-05-18,19,26
2023-05-18,20,20
2023-05-18,21,17
2023-05-18,22,12
2023-05-18,23,8
2023-05-19,0,1
2023-05-19,1,1
2023-05-19,2,0
2023-05-19,3,0
2023-05-19,4,1
2023-05-19,5,4
2023-05-19,6,37
2023-05-19,7,73
2023-05-19,8,73
2023-05-19,9,60
2023-05-19,10,32
2023-05-19,11,32
2023-05-19,12,32
2023-05-19,13,32
2023-05-19,14,41
2023-05-19,15,49
2023-05-19,16,49
2023-05-19,17,34
2023-05-19,18,34
2023-05-19,19,26
2023-05-19,20,20
2023-05-19,21,17
2023-05-19,22,12
2023-05-19,23,5
2023-05-20,0,1
2023-05-20,1,1
2023-05-20,2,1
2023-05-20,3,1
2023-05-20,4,1
2023-05-20,5,4
2023-05-20,6,18
2023-05-20,7,144
2023-05-20,8,73
2023-05-20,9,60
2023-05-20,10,32
2023-05-20,11,32
2023-05-20,12,32
2023-05-20,13,32
2023-05-20,14,44
2023-05-20,15,61
2023-05-20,16,61
2023-05-20,17,34
2023-05-20,18,34
2023-05-20,19,26
2023-05-20,20,20
2023-05-20,21,11
2023-05-20,22,10
2023-05-20,23,4
2023-05-21,0,1
2023-05-21,1,1
2023-05-21,2,0
2023-05-21,3,0
2023-05-21,4,1
2023-05-21,5,4
2023-05-21,6,37
2023-05-21,7,144
2023-05-21,8,144
2023-05-21,9,60
2023-05-21,10,32
2023-05-21,11,32
2023-05-21,12,44
2023-05-21,13,44
2023-05-21,14,44
2023-05-21,15,61
2023-05-21,16,61
2023-05-21,17,51
2023-05-21,18,51
2023-05-21,19,30
2023-05-21,20,33
2023-05-21,21,17
2023-05-21,22,12
2023-05-21,23,8
2023-05-22,0,1
2023-05-22,1,1
2023-05-22,2,0
2023-05-22,3,0
2023-05-22,4,1
2023-05-22,5,1
2023-05-22,6,37
2023-05-22,7,144
2023-05-22,8,144
2023-05-22,9,60
2023-05-22,10,32
2023-05-22,11,32
2023-05-22,12,32
2023-05-22,13,32
2023-05-22,14,41
2023-05-22,15,49
2023-05-22,16,49
2023-05-22,17,34
2023-05-22,18,34
2023-05-22,19,26
2023-05-22,20,14
2023-05-22,21,11
2023-05-22,22,10
2023-05-22,23,4
2023-05-23,0,1
2023-05-23,1,0
2023-05-23,2,0
2023-05-23,3,0
2023-05-23,4,0
2023-05-23,5,1
2023-05-23,6,34
2023-05-23,7,144
2023-05-23,8,144
2023-05-23,9,60
2023-05-23,10,32
2023-05-23,11,32
2023-05-23,12,32
2023-05-23,13,32
2023-05-23,14,44
2023-05-23,15,61
2023-05-23,16,61
2023-05-23,17,34
2023-05-23,18,34
2023-05-23,19,26
2023-05-23,20,20
2023-05-23,21,17
2023-05-23,22,10
2023-05-23,23,4
2023-05-24,0,1
2023-05-24,1,1
2023-05-24,2,0
2023-05-24,3,0
2023-05-24,4,0
2023-05-24,5,4
2023-05-24,6,18
2023-05-24,7,73
2023-05-24,8,73
2023-05-24,9,60
2023-05-24,10,32
2023-05-24,11,32
2023-05-24,12,32
2023-05-24,13,32
2023-05-24,14,41
2023-05-24,15,49
2023-05-24,16,61
2023-05-24,17,34
2023-05-24,18,34
2023-05-24,19,26
2023-05-24,20,25
2023-05-24,21,17
2023-05-24,22,12
2023-05-24,23,5
2023-05-25,0,1
2023-05-25,1,1
2023-05-25,2,0
2023-05-25,3,0
2023-05-25,4,0
2023-05-25,5,4
2023-05-25,6,37
2023-05-25,7,73
2023-05-25,8,144
2023-05-25,9,60
2023-05-25,10,32
2023-05-25,11,25
2023-05-25,12,32
2023-05-25,13,32
2023-05-25,14,41
2023-05-25,15,49
2023-05-25,16,49
2023-05-25,17,34
2023-05-25,18,34
2023-05-25,19,26
2023-05-25,20,25
2023-05-25,21,17
2023-05-25,22,12
2023-05-25,23,4
2023-05-26,0,1
2023-05-26,1,1
2023-05-26,2,0
2023-05-26,3,0
2023-05-26,4,0
2023-05-26,5,2
2023-05-26,6,37
2023-05-26,7,73
2023-05-26,8,73
2023-05-26,9,60
2023-05-26,10,32
2023-05-26,11,32
2023-05-26,12,32
2023-05-26,13,32
2023-05-26,14,44
2023-05-26,15,61
2023-05-26,16,49
2023-05-26,17,34
2023-05-26,18,34
2023-05-26,19,26
2023-05-26,20,25
2023-05-26,21,17
2023-05-26,22,12
2023-05-26,23,5
2023-05-27,0,1
2023-05-27,1,1
2023-05-27,2,0
2023-05-27,3,0
2023-05-27,4,0
2023-05-27,5,2
2023-05-27,6,20
2023-05-27,7,73
2023-05-27,8,73
2023-05-27,9,47
2023-05-27,10,25
2023-05-27,11,25
2023-05-27,12,25
2023-05-27,13,25
2023-05-27,14,41
2023-05-27,15,33
2023-05-27,16,49
2023-05-27,17,34
2023-05-27,18,34
2023-05-27,19,26
2023-05-27,20,25
2023-05-27,21,11
2023-05-27,22,10
2023-05-27,23,4
2023-05-28,0,1
2023-05-28,1,1
2023-05-28,2,0
2023-05-28,3,0
2023-05-28,4,0
2023-05-28,5,2
2023-05-28,6,16
2023-05-28,7,144
2023-05-28,8,144
2023-05-28,9,47
2023-05-28,10,25
2023-05-28,11,25
2023-05-28,12,25
2023-05-28,13,25
2023-05-28,14,25
2023-05-28,15,61
2023-05-28,16,29
2023-05-28,17,34
2023-05-28,18,34
2023-05-28,19,21
2023-05-28,20,14
2023-05-28,21,11
2023-05-28,22,9
2023-05-28,23,4
2023-05-29,0,1
2023-05-29,1,1
2023-05-29,2,0
2023-05-29,3,0
2023-05-29,4,0
2023-05-29,5,2
2023-05-29,6,20
2023-05-29,7,73
2023-05-29,8,73
2023-05-29,9,47
2023-05-29,10,25
2023-05-29,11,25
2023-05-29,12,25
2023-05-29,13,25
2023-05-29,14,25
2023-05-29,15,49
2023-05-29,16,49
2023-05-29,17,34
2023-05-29,18,34
2023-05-29,19,26
2023-05-29,20,25
2023-05-29,21,17
2023-05-29,22,12
2023-05-29,23,8
2023-05-30,0,1
2023-05-30,1,1
2023-05-30,2,0
2023-05-30,3,0
2023-05-30,4,0
2023-05-30,5,1
2023-05-30,6,34
2023-05-30,7,73
2023-05-30,8,144
2023-05-30,9,60
2023-05-30,10,32
2023-05-30,11,32
2023-05-30,12,32
2023-05-30,13,32
2023-05-30,14,41
2023-05-30,15,49
2023-05-30,16,49
2023-05-30,17,34
2023-05-30,18,34
2023-05-30,19,26
2023-05-30,20,25
2023-05-30,21,17
2023-05-30,22,12
2023-05-30,23,8
2023-05-31,0,1
2023-05-31,1,1
2023-05-31,2,0
2023-05-31,3,0
2023-05-31,4,0
2023-05-31,5,2
2023-05-31,6,18
2023-05-31,7,73
2023-05-31,8,73
2023-05-31,9,60
2023-05-31,10,32
2023-05-31,11,32
2023-05-31,12,32
2023-05-31,13,32
2023-05-31,14,41
2023-05-31,15,49
2023-05-31,16,49
2023-05-31,17,34
2023-05-31,18,34
2023-05-31,19,26
2023-05-31,20,25
2023-05-31,21,17
2023-05-31,22,12
2023-05-31,23,5
2023-06-01,0,1
2023-06-01,1,0
2023-06-01,2,0
2023-06-01,3,0
2023-06-01,4,0
2023-06-01,5,2
2023-06-01,6,20
2023-06-01,7,144
2023-06-01,8,144
2023-06-01,9,60
2023-06-01,10,32
2023-06-01,11,32
2023-06-01,12,32
2023-06-01,13,32
2023-06-01,14,44
2023-06-01,15,61
2023-06-01,16,61
2023-06-01,17,23
2023-06-01,18,23
2023-06-01,19,26
2023-06-01,20,20
2023-06-01,21,17
2023-06-01,22,10
2023-06-01,23,4
2023-06-02,0,1
2023-06-02,1,0
2023-06-02,2,0
2023-06-02,3,0
2023-06-02,4,0
2023-06-02,5,3
2023-06-02,6,37
2023-06-02,7,144
2023-06-02,8,144
2023-06-02,9,60
2023-06-02,10,32
2023-06-02,11,32
2023-06-02,12,32
2023-06-02,13,32
2023-06-02,14,44
2023-06-02,15,61
2023-06-02,16,61
2023-06-02,17,51
2023-06-02,18,34
2023-06-02,19,26
2023-06-02,20,20
2023-06-02,21,17
2023-06-02,22,12
2023-06-02,23,5
2023-06-03,0,1
2023-06-03,1,1
2023-06-03,2,0
2023-06-03,3,0
2023-06-03,4,0
2023-06-03,5,3
2023-06-03,6,37
2023-06-03,7,144
2023-06-03,8,144
2023-06-03,9,60
2023-06-03,10,32
2023-06-03,11,32
2023-06-03,12,32
2023-06-03,13,32
2023-06-03,14,44
2023-06-03,15,61
2023-06-03,16,61
2023-06-03,17,34
2023-06-03,18,34
2023-06-03,19,26
2023-06-03,20,20
2023-06-03,21,17
2023-06-03,22,12
2023-06-03,23,5
2023-06-04,0,1
2023-06-04,1,1
2023-06-04,2,0
2023-06-04,3,0
2023-06-04,4,1
2023-06-04,5,3
2023-06-04,6,37
2023-06-04,7,144
2023-06-04,8,144
2023-06-04,9,60
2023-06-04,10,32
2023-06-04,11,32
2023-06-04,12,44
2023-06-04,13,44
2023-06-04,14,48
2023-06-04,15,61
2023-06-04,16,61
2023-06-04,17,51
2023-06-04,18,51
2023-06-04,19,30
2023-06-04,20,30
2023-06-04,21,17
2023-06-04,22,12
2023-06-04,23,5
2023-06-05,0,1
2023-06-05,1,1
2023-06-05,2,0
2023-06-05,3,1
2023-06-05,4,1
2023-06-05,5,3
2023-06-05,6,5
2023-06-05,7,73
2023-06-05,8,73
2023-06-05,9,60
2023-06-05,10,32
2023-06-05,11,32
2023-06-05,12,32
2023-06-05,13,32
2023-06-05,14,44
2023-06-05,15,61
2023-06-05,16,61
2023-06-05,17,34
2023-06-05,18,34
2023-06-05,19,26
2023-06-05,20,20
2023-06-05,21,17
2023-06-05,22,12
2023-06-05,23,5
2023-06-06,0,1
2023-06-06,1,1
2023-06-06,2,1
2023-06-06,3,1
2023-06-06,4,1
2023-06-06,5,3
2023-06-06,6,37
2023-06-06,7,144
2023-06-06,8,144
2023-06-06,9,60
2023-06-06,10,32
2023-06-06,11,32
2023-06-06,12,32
2023-06-06,13,32
2023-06-06,14,44
2023-06-06,15,61
2023-06-06,16,61
2023-06-06,17,34
2023-06-06,18,34
2023-06-06,19,26
2023-06-06,20,20
2023-06-06,21,17
2023-06-06,22,12
2023-06-06,23,8
2023-06-07,0,1
2023-06-07,1,1
2023-06-07,2,0
2023-06-07,3,0
2023-06-07,4,0
2023-06-07,5,3
2023-06-07,6,37
2023-06-07,7,144
2023-06-07,8,144
2023-06-07,9,60
2023-06-07,10,32
2023-06-07,11,32
2023-06-07,12,32
2023-06-07,13,32
2023-06-07,14,44
2023-06-07,15,61
2023-06-07,16,61
2023-06-07,17,34
2023-06-07,18,34
2023-06-07,19,26
2023-06-07,20,20
2023-06-07,21,17
2023-06-07,22,12
2023-06-07,23,5
2023-06-08,0,1
2023-06-08,1,1
2023-06-08,2,0
2023-06-08,3,0
2023-06-08,4,1
2023-06-08,5,2
2023-06-08,6,37
2023-06-08,7,144
2023-06-08,8,144
2023-06-08,9,60
2023-06-08,10,32
2023-06-08,11,32
2023-06-08,12,44
2023-06-08,13,44
2023-06-08,14,48
2023-06-08,15,61
2023-06-08,16,61
2023-06-08,17,51
2023-06-08,18,51
2023-06-08,19,30
2023-06-08,20,33
2023-06-08,21,17
2023-06-08,22,12
2023-06-08,23,8
2023-06-09,0,2
2023-06-09,1,1
2023-06-09,2,1
2023-06-09,3,1
2023-06-09,4,1
2023-06-09,5,4
2023-06-09,6,37
2023-06-09,7,144
2023-06-09,8,144
2023-06-09,9,60
2023-06-09,10,44
2023-06-09,11,44
2023-06-09,12,44
2023-06-09,13,44
2023-06-09,14,48
2023-06-09,15,61
2023-06-09,16,61
2023-06-09,17,51
2023-06-09,18,51
2023-06-09,19,30
2023-06-09,20,30
2023-06-09,21,17
2023-06-09,22,12
2023-06-09,23,8
2023-06-10,0,2
2023-06-10,1,1
2023-06-10,2,1
2023-06-10,3,1
2023-06-10,4,1
2023-06-10,5,4
2023-06-10,6,37
2023-06-10,7,144
2023-06-10,8,144
2023-06-10,9,60
2023-06-10,10,44
2023-06-10,11,44
2023-06-10,12,44
2023-06-10,13,44
2023-06-10,14,48
2023-06-10,15,61
2023-06-10,16,61
2023-06-10,17,51
2023-06-10,18,51
2023-06-10,19,30
2023-06-10,20,33
2023-06-10,21,17
2023-06-10,22,20
2023-06-10,23,8
2023-06-11,0,2
2023-06-11,1,1
2023-06-11,2,1
2023-06-11,3,1
2023-06-11,4,1
2023-06-11,5,4
2023-06-11,6,37
2023-06-11,7,144
2023-06-11,8,144
2023-06-11,9,60
2023-06-11,10,44
2023-06-11,11,44
2023-06-11,12,44
2023-06-11,13,44
2023-06-11,14,48
2023-06-11,15,61
2023-06-11,16,61
2023-06-11,17,51
2023-06-11,18,51
2023-06-11,19,33
2023-06-11,20,33
2023-06-11,21,17
2023-06-11,22,20
2023-06-11,23,8
2023-06-12,0,2
2023-06-12,1,1
2023-06-12,2,1
2023-06-12,3,1
2023-06-12,4,1
2023-06-12,5,4
2023-06-12,6,18
2023-06-12,7,73
2023-06-12,8,144
2023-06-12,9,60
2023-06-12,10,44
2023-06-12,11,44
2023-06-12,12,32
2023-06-12,13,32
2023-06-12,14,41
2023-06-12,15,49
2023-06-12,16,49
2023-06-12,17,37
2023-06-12,18,37
2023-06-12,19,33
2023-06-12,20,33
2023-06-12,21,17
2023-06-12,22,20
2023-06-12,23,8
2023-06-13,0,2
2023-06-13,1,1
2023-06-13,2,1
2023-06-13,3,1
2023-06-13,4,1
2023-06-13,5,4
2023-06-13,6,37
2023-06-13,7,144
2023-06-13,8,144
2023-06-13,9,60
2023-06-13,10,44
2023-06-13,11,44
2023-06-13,12,44
2023-06-13,13,44
2023-06-13,14,48
2023-06-13,15,61
2023-06-13,16,61
2023-06-13,17,51
2023-06-13,18,51
2023-06-13,19,30
2023-06-13,20,33
2023-06-13,21,26
2023-06-13,22,20
2023-06-13,23,8
2023-06-14,0,4
2023-06-14,1,1
2023-06-14,2,1
2023-06-14,3,1
2023-06-14,4,1
2023-06-14,5,4
2023-06-14,6,37
2023-06-14,7,144
2023-06-14,8,144
2023-06-14,9,60
2023-06-14,10,44
2023-06-14,11,44
2023-06-14,12,44
2023-06-14,13,44
2023-06-14,14,48
2023-06-14,15,89
2023-06-14,16,89
2023-06-14,17,51
2023-06-14,18,51
2023-06-14,19,30
2023-06-14,20,30
2023-06-14,21,26
2023-06-14,22,20
2023-06-14,23,8
2023-06-15,0,4
2023-06-15,1,1
2023-06-15,2,1
2023-06-15,3,1
2023-06-15,4,1
2023-06-15,5,3
2023-06-15,6,37
2023-06-15,7,144
2023-06-15,8,144
2023-06-15,9,60
2023-06-15,10,44
2023-06-15,11,44
2023-06-15,12,44
2023-06-15,13,44
2023-06-15,14,48
2023-06-15,15,89
2023-06-15,16,89
2023-06-15,17,51
2023-06-15,18,51
2023-06-15,19,30
2023-06-15,20,30
2023-06-15,21,26
2023-06-15,22,20
2023-06-15,23,8
2023-06-16,0,4
2023-06-16,1,1
2023-06-16,2,1
2023-06-16,3,1
2023-06-16,4,1
2023-06-16,5,2
2023-06-16,6,29
2023-06-16,7,144
2023-06-16,8,144
2023-06-16,9,60
2023-06-16,10,44
2023-06-16,11,44
2023-06-16,12,44
2023-06-16,13,44
2023-06-16,14,48
2023-06-16,15,61
2023-06-16,16,61
2023-06-16,17,51
2023-06-16,18,51
2023-06-16,19,32
2023-06-16,20,22
2023-06-16,21,17
2023-06-16,22,12
2023-06-16,23,8
2023-06-17,0,4
2023-06-17,1,1
2023-06-17,2,1
2023-06-17,3,1
2023-06-17,4,1
2023-06-17,5,4
2023-06-17,6,29
2023-06-17,7,144
2023-06-17,8,144
2023-06-17,9,60
2023-06-17,10,44
2023-06-17,11,44
2023-06-17,12,44
2023-06-17,13,44
2023-06-17,14,48
2023-06-17,15,61
2023-06-17,16,61
2023-06-17,17,51
2023-06-17,18,51
2023-06-17,19,32
2023-06-17,20,32
2023-06-17,21,17
2023-06-17,22,20
2023-06-17,23,8
2023-06-18,0,2
2023-06-18,1,1
2023-06-18,2,1
2023-06-18,3,1
2023-06-18,4,1
2023-06-18,5,2
2023-06-18,6,29
2023-06-18,7,144
2023-06-18,8,144
2023-06-18,9,60
2023-06-18,10,44
2023-06-18,11,44
2023-06-18,12,44
2023-06-18,13,44
2023-06-18,14,48
2023-06-18,15,61
2023-06-18,16,89
2023-06-18,17,51
2023-06-18,18,51
2023-06-18,19,32
2023-06-18,20,32
2023-06-18,21,26
2023-06-18,22,20
2023-06-18,23,8
2023-06-19,0,12
2023-06-19,1,1
2023-06-19,2,0
2023-06-19,3,0
2023-06-19,4,0
2023-06-19,5,4
2023-06-19,6,29
2023-06-19,7,144
2023-06-19,8,144
2023-06-19,9,60
2023-06-19,10,44
2023-06-19,11,44
2023-06-19,12,44
2023-06-19,13,44
2023-06-19,14,48
2023-06-19,15,49
2023-06-19,16,49
2023-06-19,17,37
2023-06-19,18,37
2023-06-19,19,32
2023-06-19,20,32
2023-06-19,21,26
2023-06-19,22,14
2023-06-19,23,8
2023-06-20,0,2
2023-06-20,1,1
2023-06-20,2,0
2023-06-20,3,0
2023-06-20,4,0
2023-06-20,5,4
2023-06-20,6,29
2023-06-20,7,144
2023-06-20,8,144
2023-06-20,9,60
2023-06-20,10,44
2023-06-20,11,44
2023-06-20,12,44
2023-06-20,13,44
2023-06-20,14,48
2023-06-20,15,61
2023-06-20,16,61
2023-06-20,17,51
2023-06-20,18,51
2023-06-20,19,32
2023-06-20,20,32
2023-06-20,21,26
2023-06-20,22,14
2023-06-20,23,8
2023-06-21,0,2
2023-06-21,1,1
2023-06-21,2,0
2023-06-21,3,0
2023-06-21,4,0
2023-06-21,5,4
2023-06-21,6,18
2023-06-21,7,73
2023-06-21,8,73
2023-06-21,9,60
2023-06-21,10,44
2023-06-21,11,44
2023-06-21,12,44
2023-06-21,13,44
2023-06-21,14,48
2023-06-21,15,49
2023-06-21,16,33
2023-06-21,17,37
2023-06-21,18,37
2023-06-21,19,22
2023-06-21,20,22
2023-06-21,21,17
2023-06-21,22,12
2023-06-21,23,5
2023-06-22,0,2
2023-06-22,1,1
2023-06-22,2,0
2023-06-22,3,0
2023-06-22,4,1
2023-06-22,5,4
2023-06-22,6,18
2023-06-22,7,144
2023-06-22,8,73
2023-06-22,9,60
2023-06-22,10,32
2023-06-22,11,32
2023-06-22,12,32
2023-06-22,13,32
2023-06-22,14,41
2023-06-22,15,49
2023-06-22,16,49
2023-06-22,17,37
2023-06-22,18,34
2023-06-22,19,22
2023-06-22,20,22
2023-06-22,21,17
2023-06-22,22,12
2023-06-22,23,8
2023-06-23,0,2
2023-06-23,1,1
2023-06-23,2,1
2023-06-23,3,1
2023-06-23,4,1
2023-06-23,5,2
2023-06-23,6,34
2023-06-23,7,73
2023-06-23,8,73
2023-06-23,9,60
2023-06-23,10,32
2023-06-23,11,32
2023-06-23,12,32
2023-06-23,13,32
2023-06-23,14,44
2023-06-23,15,61
2023-06-23,16,61
2023-06-23,17,51
2023-06-23,18,51
2023-06-23,19,30
2023-06-23,20,30
2023-06-23,21,17
2023-06-23,22,12
2023-06-23,23,8
2023-06-24,0,2
2023-06-24,1,1
2023-06-24,2,1
2023-06-24,3,1
2023-06-24,4,1
2023-06-24,5,4
2023-06-24,6,37
2023-06-24,7,144
2023-06-24,8,144
2023-06-24,9,60
2023-06-24,10,44
2023-06-24,11,44
2023-06-24,12,44
2023-06-24,13,44
2023-06-24,14,48
2023-06-24,15,61
2023-06-24,16,61
2023-06-24,17,51
2023-06-24,18,51
2023-06-24,19,30
2023-06-24,20,30
2023-06-24,21,17
2023-06-24,22,20
2023-06-24,23,8
2023-06-25,0,2
2023-06-25,1,1
2023-06-25,2,1
2023-06-25,3,1
2023-06-25,4,1
2023-06-25,5,4
2023-06-25,6,29
2023-06-25,7,144
2023-06-25,8,144
2023-06-25,9,60
2023-06-25,10,44
2023-06-25,11,44
2023-06-25,12,44
2023-06-25,13,44
2023-06-25,14,48
2023-06-25,15,89
2023-06-25,16,61
2023-06-25,17,51
2023-06-25,18,51
2023-06-25,19,32
2023-06-25,20,32
2023-06-25,21,17
2023-06-25,22,20
2023-06-25,23,8
2023-06-26,0,2
2023-06-26,1,1
2023-06-26,2,0
2023-06-26,3,0
2023-06-26,4,0
2023-06-26,5,4
2023-06-26,6,29
2023-06-26,7,144
2023-06-26,8,144
2023-06-26,9,60
2023-06-26,10,44
2023-06-26,11,44
2023-06-26,12,32
2023-06-26,13,44
2023-06-26,14,48
2023-06-26,15,49
2023-06-26,16,49
2023-06-26,17,37
2023-06-26,18,37
2023-06-26,19,22
2023-06-26,20,22
2023-06-26,21,11
2023-06-26,22,14
2023-06-26,23,5
2023-06-27,0,4
2023-06-27,1,1
2023-06-27,2,0
2023-06-27,3,0
2023-06-27,4,0
2023-06-27,5,1
2023-06-27,6,46
2023-06-27,7,73
2023-06-27,8,144
2023-06-27,9,60
2023-06-27,10,32
2023-06-27,11,32
2023-06-27,12,32
2023-06-27,13,32
2023-06-27,14,48
2023-06-27,15,49
2023-06-27,16,61
2023-06-27,17,37
2023-06-27,18,37
2023-06-27,19,22
2023-06-27,20,22
2023-06-27,21,17
2023-06-27,22,12
2023-06-27,23,8
2023-06-28,0,2
2023-06-28,1,1
2023-06-28,2,0
2023-06-28,3,0
2023-06-28,4,0
2023-06-28,5,4
2023-06-28,6,29
2023-06-28,7,144
2023-06-28,8,144
2023-06-28,9,60
2023-06-28,10,44
2023-06-28,11,44
2023-06-28,12,44
2023-06-28,13,32
2023-06-28,14,48
2023-06-28,15,49
2023-06-28,16,49
2023-06-28,17,37
2023-06-28,18,37
2023-06-28,19,22
2023-06-28,20,22
2023-06-28,21,17
2023-06-28,22,14
2023-06-28,23,8
2023-06-29,0,4
2023-06-29,1,1
2023-06-29,2,0
2023-06-29,3,0
2023-06-29,4,0
2023-06-29,5,1
2023-06-29,6,29
2023-06-29,7,144
2023-06-29,8,144
2023-06-29,9,60
2023-06-29,10,32
2023-06-29,11,44
2023-06-29,12,44
2023-06-29,13,44
2023-06-29,14,41
2023-06-29,15,49
2023-06-29,16,49
2023-06-29,17,37
2023-06-29,18,34
2023-06-29,19,22
2023-06-29,20,22
2023-06-29,21,17
2023-06-29,22,15
2023-06-29,23,5
2023-06-30,0,4
2023-06-30,1,1
2023-06-30,2,0
2023-06-30,3,0
2023-06-30,4,0
2023-06-30,5,4
2023-06-30,6,29
2023-06-30,7,144
2023-06-30,8,144
2023-06-30,9,60
2023-06-30,10,32
2023-06-30,11,32
2023-06-30,12,32
2023-06-30,13,32
2023-06-30,14,48
2023-06-30,15,61
2023-06-30,16,49
2023-06-30,17,34
2023-06-30,18,34
2023-06-30,19,22
2023-06-30,20,22
2023-06-30,21,11
2023-06-30,22,10
2023-06-30,23,8
